URL;TITRE;TYPE;AUTEURS;CONTRIBUTEURS;EDITEURS;DATES;DESCRIPTIONS;SUJETS;PROVENANCE;ARK CATALOGUE;DROITS;NOMBRE DE VUES;CODE(S) PROJET(S);NQA Moyen (%);SOURCE
https://gallica.bnf.fr/iiif/ark:/12148/btv1b11000741n;Recueil.;manuscrits;Masʿūd ibn ʿUmar al-Taftāzānī. Auteur du texte ¤ مسعود بن عمر التفتازاني. Auteur du texte;Aḥmad (Sulṭān) ibn (Malik ?) Aḥmad. Copiste ¤ Yaḥyā Efendī. Ancien possesseur;;147210;Contient : MASʿŪD IBN ʿUMAR SAʿD AL-DĪN AL-TAFTĀZĀNĪ. Commentaire sur les ʿAqāʾid de ʿUmar ibn Muḥammad Naǧm al-Dīn al-Nasafī , Ṭarīq ahl al-bidʿa ¤ Numérisation effectuée à partir d'un document de substitution. ¤ Copie exécutée par Sulṭān Aḥmad ibn Malik (?) Aḥmad et achevée à Naḥǧavān au mois de ǧumādā I 877 de l'hégire (f. 63 v). ¤ Aḥmad (Sulṭān) ibn (Malik ?) Aḥmad. ¤ Muḥammad Ṣādiq. ¤ Yaḥyā Efendī. ¤ Naḥǧavān.;KALAM. Uṣūl al-Dīn. Profession de foi (lʿtiqādāt);Gallica;http://archivesetmanuscrits.bnf.fr/ark:/12148/cc90434b;domaine public ¤ public domain;65;;0.0;Bibliothèque nationale de France. Département des Manuscrits. Arabe 1235
https://gallica.bnf.fr/iiif/ark:/12148/btv1b11001123s;ʿUMAR IBN MUḤAMMMAD IBN ʿABD ALLĀH IBN ʿAMMŪYA AL-SUHRAWARDĪ. ʿAwārif al-maʿārif.;manuscrits;ʿUmar ibn Muḥammad al-Suhrawardī. Auteur du texte ¤ عمر بن محمد السهروردوي. Auteur du texte;Ibrāhīm ibn Muḥammad. Ancien possesseur ¤ Muḥammad Ḍiyāʾ l-dīn. Ancien possesseur ¤ Muḥammad ibn Ismāʿīl ibn Maḥmūd al-Ḥawāfī. Copiste ¤ Yūsuf ibn ʿAbd Allāh. Ancien possesseur;;13810427;ʿAwārif al-maʿārif ¤ عوارف المعارف ¤ Numérisation effectuée à partir d'un document de substitution. ¤ Inc. (f. 3v) :(v 4 .f) ثم أن ايثاري لهدى هؤلاء الحمد لله العظيم شأنه القوي سلطانهالقومExp. (f. 194) :... فيحبه أهل السماء و يوضع له القبول في الأرضCopie achevée par Muḥammad ibn Ismāʿīl ibn Maḥmūd al-Ḫawāfī et achevée à la madrasa maḥaliyya Ūč (Mādar-)zāde la fin du mois de ṣafar 783 de l'hégire (f. 194). ¤ ʿUmar ibn Muḥammad al-Suhrawardī. ¤ عمر بن محمد السهروردوي. ¤ ʿAwārif al-maʿārif ¤ عوارف المعارف ¤ الحمد لله العظيم شأنه القوي سلطانه ... ثم ايثاري لهدى هؤلاء القوم. ¤ ʿAlī ibn Muḥammad al-Qabbānī. ¤ Ḥāǧǧī Tāǧ al-Dīn. ¤ Ibrāhīm ibn Muḥammad. ¤ Masʿūd ibn Abī Saʿd ibn Aḥmad. ¤ Muḥammad Ḍiyāʾ l-dīn. ¤ Muḥammad ibn Ismāʿīl ibn Maḥmūd al-Ḥawāfī. ¤ Yūsuf ibn ʿAbd Allāh.;Coran. Notes ¤ FIQH. Furūʿ, fragments en notes ¤ CULTE. Prières et formules efficaces. Notes ¤ TAṣAWWUF. Ouvrages généraux ¤ TAṣAWWUF. Notes ¤ PHILOSOPHIE. Notes ¤ HISTOIRE. Notes;Gallica;http://archivesetmanuscrits.bnf.fr/ark:/12148/cc90538g;domaine public ¤ public domain;3;;0.0;Bibliothèque nationale de France. Département des Manuscrits. Arabe 1332
https://gallica.bnf.fr/iiif/ark:/12148/btv1b11003786k;Dictionnaire arabe-persan.;manuscrits;;;;1471;السامى فى الاسامى ¤ Numérisation effectuée à partir d'un document de substitution. ¤ En tête du volume on lit ce titre, ajouté après coup : كتاب السامى فى الاسامى « L'élevé, traité des noms ». Commencement : الااء شجر ، الواحدة ااة ،. Ms. daté de l'an 875 (1470-1471 de J.-C.). ¤ الااء شجر ، الواحدة ااة ، . ¤ السامى فى الاسامى;Dictionnaires;Gallica;http://archivesetmanuscrits.bnf.fr/ark:/12148/cc320332;domaine public ¤ public domain;354;;0.0;Bibliothèque nationale de France. Département des manuscrits. Arabe 4285
https://gallica.bnf.fr/iiif/ark:/12148/btv1b11005216g;MAḤMŪD IBN ʿUMAR AL-ZAMAH?ARĪ ABŪ AL-QĀSIM. al-Ka??āf ʿan ḥaqāʾiq al-tanzīl, 1er volume (Coran I, 1-VI, 165).;manuscrits;Maḥmūd ibn ʿUmar al-Zamaḫ?arī. Auteur du texte ¤ محمود بن عمر الزمخشري. Auteur du texte;Naṣr Allāh ibn Dāwud ibn Muḥammad.. Copiste;;1452;Ka??āf (al-) ʿan ḥaqāʾiq al-tanzīl ¤ الكشاف عن حقائق التنزيل ¤ Numérisation effectuée à partir d'un document de substitution. ¤ Inc. :المصالح منجما الحمد لله الذي انزل القرآن كلاما مؤلفا منظما ونزله بحسبExp. :بعدد كل آية من سورة الأنعام يوما وليلة فمن قرأ سورة الأنعام صلى عليه واستغفر له أولئك السبعون ألفBROCKELMANN (C), Geschichte der arabischen Literatur, I2, 345 (I, 1) , Suppl. I, 507 , éd. WILLIAM NASSAU LEES, ḪĀDIM ḤUSAYN et ʿABD AL-ḤAYY, The Coran, with the commentary of the imam Aboo al-Qasim Mahmood ibn ʿOmar al-Zamakhshari entitled the Kashshafʾan Haqaiq al-Tanzil..., Calcutta, 1856.Copie exécutée par Naṣr Allāh ibn Dāʾud ibn Muḥammad... nisba de lecture incertaine — et achevée à Damas en 856 de l'hégire (f. 284 v). ¤ Maḥmūd ibn ʿUmar al-Zamaḫ?arī. ¤ محمود بن عمر الزمخشري. ¤ Ka??āf (al-) ʿan ḥaqāʾiq al-tanzīl ¤ الكشاف عن حقائق التنزيل ¤ الحمد لله الذي أنزل القرآن كاملا مولفا منظما و نزله بحسب المصالح منجما. ¤ Naṣr Allāh ibn Dāwud ibn Muḥammad... ¤ Damas (c).;Coran. Commentaire (Tafsīr) ¤ Coran. Notes ¤ TRADITION (Ḥadīṯ). Notes ¤ LEXICOGRAPHIE. Notes;Gallica;http://archivesetmanuscrits.bnf.fr/ark:/12148/cc898111;domaine public ¤ public domain;284;;0.0;Bibliothèque nationale de France. Département des Manuscrits. Arabe 597
https://gallica.bnf.fr/iiif/ark:/12148/btv1b11002915n;Arabe 3365;manuscrits;ʿABD AL-ʿAzīz al-Kāšī. Auteur du texte ¤ Vaṭvāṭ, Muḥammad ibn ʿAbd al-Ğalīl Rašīd al-Dīn (10..-1177). Auteur du texte ¤ وطواط. Auteur du texte ¤ ʿALĪ ibn abī Ṭālib. Auteur du texte ¤ Ğāğarmī, Muḥammad Badr al-Dīn. Auteur du texte ¤ BADR AL-DĪN Ğāğermī. Auteur du texte;Fatḥ Allāh ibn ʿUbayd Allāh Saʿdī Sābiḥī Qazwīnī. Copiste ¤ فتح الله بن عبید الله سعدی سابحی قزوینی. Copiste ¤ جاجرمی، محمد در الدین;;1391;Contient : Muḫtār Rawḍat al-Naẓar wa-nuzhat al-ḫāṭir , مختار روضة الناظر و نزهة الخاطر , Ṣad kalame, par Vaṭvāṭ , صد کلمه. وطواط , Kitāb-i iḫtilāğ. Badr al-Dīn Muḥammad Ğāğarmī, m. 1287 , کتاب اختلاج. بدر الدین محمد جاجرمی , Ganğ-i ğawhar , كَنج كَوهر , Pand-nāma-yi Anūširvān , پند نامه انوشروان , Conseils religieux, récits et historiettes, en vers persans, par Badr al-Dîn Ğâdjermî qui, probablement, est aussi l'auteur des articles 4° et 5° , Fāl. Badr al-Dīn Muḥammad Ğāğarmī , فال. بدر الدین محمد جاجرمی ¤ Numérisation effectuée à partir d'un document de substitution. ¤ Les articles 2° et 6° sont écrits de la même main. ¤ Lieu de copie : Baghdad;Collections et anthologies;Gallica;http://archivesetmanuscrits.bnf.fr/ark:/12148/cc31261d;domaine public ¤ public domain;198;;0.0;Bibliothèque nationale de France. Département des Manuscrits. Arabe 3365
https://gallica.bnf.fr/iiif/ark:/12148/btv1b11003784p;Arabe 4283;manuscrits;MAḤMŪD ibn ʿUmar al-Zamaḫarī (Ğār Allah Abū al-Qāsim). Auteur du texte;;;1462;Contient : Dictionnaire arabe-persan des noms d'action, disposé d'après l'ordre des consonnes finales , La Moqaddimat al-Adab d'Al-Zamakhscharî , Dictionnaire arabe-persan, avec explications interlinéraires eu langue turque ¤ Numérisation effectuée à partir d'un document de substitution. ¤ Les deux premiers ouvrages sont datés de l'an 866 de l'hégire (1462 de J.-C.) , le troisième, de l'an 842 de l'hégire (1438 de J.-C.).;Dictionnaires;Gallica;http://archivesetmanuscrits.bnf.fr/ark:/12148/cc32031k;domaine public ¤ public domain;191;;0.0;Bibliothèque nationale de France. Département des manuscrits. Arabe 4283
https://gallica.bnf.fr/iiif/ark:/12148/btv1b110045541;MUḤAMMAD IBN ABĪ BĀKR AL-RĀZĪ. Asʾilat al-Qurʾān al-maǧīd wa-aǧwibathā.;manuscrits;Muḥammad ibn Abī Bakr al-Rāzī. Auteur du texte ¤ محمد بن أبي بكر الرازي. Auteur du texte;Afḍal. Copiste ¤ Muḥammad ibn Ḥāǧǧī ibn Muḥammad fils d'Ibn Baktūt. Ancien possesseur ¤ Muḥyī l-Dīn al-Qarābāġī. Ancien possesseur;;13230812;Asʾilat al-qurʾān al-maǧīd ¤ Ka??āf (al-) * ¤ أسئلة القرآن المجيد ¤ الكشاف عن حقائق التنزيل ¤ Numérisation effectuée à partir d'un document de substitution. ¤ Inc. (f. 3 v) :هذا مختصر جمعت فيه نموذجا يسيرا من أسولة القرآن المجيدو أجوبتهاExp. (f. 115 v) :لأن الثقلين هما الجنسان الموصوفان بنسيان حقوق اللهعزّ وجلّBROCKELMANN (C), Geschichte der arabischen Literatur, I2, 478 , Suppl. I, 659 (2).Copie exécutée par Afḍal la nisba est incertaine — près du tombeau de Noé, d'après l'original , commencée le 15 šaʿbān (f. 2) et achevée le 10 ramaḍān 723 de l'hégire (f. 115 v). ¤ Muḥammad ibn Abī Bakr al-Rāzī. ¤ محمد بن أبي بكر الرازي. ¤ Asʾilat al-qurʾān al-maǧīd ¤ Ka??āf (al-) * ¤ أسئلة القرآن المجيد ¤ الكشاف عن حقائق التنزيل ¤ هذا مختصر جمعت فيه نموذحا يسيرا من أسولة القرآن المجيد و أجوبتها. ¤ Afḍal. ¤ Ibrāhīm Pā?ā. ¤ Kamāl (Ibn-). Chronogramme. ¤ Muḥammad ibn Ḥāǧǧī ibn Muḥammad fils d'Ibn Baktūt. ¤ Muḥyī l-Dīn al-Qarābāġī. ¤ Constantinople.;Coran. Commentaire (Tafsīr) ¤ TRADITION (Ḥadīṯ). Notes ¤ FIQH. Notes ¤ PARENESE. Notes ¤ Notes HISTORIQUES ¤ CALLIGRAPHIE (Notes) ¤ GRAMMAIRE ET CONJUGAISON. Notes ¤ CALENDRIER;Gallica;http://archivesetmanuscrits.bnf.fr/ark:/12148/cc89836n;domaine public ¤ public domain;5;;0.0;Bibliothèque nationale de France. Département des Manuscrits. Arabe 623
https://gallica.bnf.fr/iiif/ark:/12148/btv1b11004148w;MUḤAMMAD IBN ʿALĪ IBN ŠUʿAYB IBN AL-DAHHĀN ABŪ ŠUǦĀʿ. Taq-wīm al-naẓar fī l-masāʾil al-ḫilāfiyya.;manuscrits;Muḥammad ibn ʿAlī ibn al-Dahhān Abū Šuǧāʿ. Auteur du texte ¤ محمد بن علي بن الدهّان أبو شجاع. Auteur du texte;Aḥmad al-Qurašī al-Šaʾmī. Ancien possesseur ¤ Alṭunbuġā ibn ʿAbd Allāh al-Ašqar al-Aqbuġawī. Ancien possesseur ¤ Muḥammad ibn Aḥmad... Ancien possesseur ¤ Muḥammad ibn Mufliḥ al-Ḥanafī. Ancien possesseur ¤ Nuʿaym ibn Muḥammad al-Qurašī al-Šāfiʿī. Copiste ¤ Sudūn Dawādār. Ancien possesseur ¤ Šihāb al-Dīn. Ancien possesseur ¤ Yaḥyā ibn Ḥaǧar al-Šāfiʿī. Ancien possesseur;;14000115;Taqwīm al-naẓar fī l-masāʾil al-ḫilāfiyya ¤ تقويم النظر في المسائل الخلافية ¤ Numérisation effectuée à partir d'un document de substitution. ¤ Inc. (f. 2 v) :رضي الله عنه يختار لي ما يختار الأب البرّ لولده من سعادتي الآخرة و الدنيا الحمد لله الذي هدانا لهذا و ما كنا لنهتدي ... كان الوالدExp. (f. 85 v) :خاف مال إلى الطريق الأوعر و ليحترز من تسليم كلية و إن سلمها فلا يسلم معها موجبة يشارك أحد يحدها للمقدمة المسلمة و لا يسلم موجبتين منهما كلية أو موجبة و سالبة منهما كلية و لا يتحرى أن يسلم جزءيتين أو سالبتين فما أحسن ما قال الشاعر ميلوا إلى سهل الكلام فإنهّ ∴ منtableau chronologique donnant des noms de juristes, traditionnistes et califes (86-89).BROCKELMANN (C), Geschichte der arabischen Literatur, I2, 492.Copie exécutée par Nuʿaym ibn Muḥammad al-Quraši al-Šāfiʿī, pour un haut personnage mamelouk nommé Alṭunbuġā ibn ʿAbd Allāh al-Ašqar al-Aqbuġawī et achevée le 17 ǧumādā I 802 de l'hégire d'après la copie de l'autographe datée de 585/1189, l'autographe datant de 563/1167 (f. 89). ¤ Muḥammad ibn ʿAlī ibn al-Dahhān Abū Šuǧāʿ. ¤ محمد بن علي بن الدهّان أبو شجاع. ¤ Taqwīm al-naẓar fī l-masāʾil al-ḫilāfiyya ¤ تقويم النظر في المسائل الخلافية ¤ الحمد لله الذي هدانا لهذا و ما كنا لنهتدي ... كان الوالد رضي الله عنه يختار لي .... ¤ Aḥmad al-Qurašī al-Šaʾmī. ¤ Alṭunbuġā ibn ʿAbd Allāh al-Ašqar al-Aqbuġawī. ¤ Muḥammad ibn Aḥmad.... ¤ Muḥammad ibn Mufliḥ al-Ḥanafī. ¤ Nuʿaym ibn Muḥammad al-Qurašī al-Šāfiʿī. ¤ Sudūn Dawādār. ¤ Šihāb al-Dīn. ¤ Yaḥyā ibn Ḥaǧar al-Šāfiʿī. ¤ Ṣafad. ¤ Tripoli (Syrie). ¤ Alṭunbuġā ibn ʿAbd Allāh al-Ašqar al-Aqbuġawī.;FIQH. Uṣūl;Gallica;http://archivesetmanuscrits.bnf.fr/ark:/12148/cc89998j;domaine public ¤ public domain;2;;0.0;Bibliothèque nationale de France. Département des Manuscrits. Arabe 788
https://gallica.bnf.fr/iiif/ark:/12148/btv1b11001538z;شـهـاب الأخـبـار « Flambeau de nouvelles ».;manuscrits;MUḤAMMAD ibn Salāma ibn Ḫaḍr (ibn Ḥakmūn) al-Qoḍāʿī (Abū ʿAbdallah). Auteur du texte;Yūnus ibn Šāḏmahr ibn Walī al-Dīn. Copiste ¤ یونس ابن شاذمهر بن ولی الدین. Copiste;;1372;شهاب الاخبار ¤ شرح کتاب شهاب الأخبار سید محمد المصطفی المختار ¤ Šarḥ-i kitāb-i Šahāb al-aḫbār-e Sayyid Muḥammad al-Mušṭafā al-Muḫtār ¤ Numérisation effectuée à partir d'un document de substitution. ¤ Sentences attribuées à Mahomet, au nombre de mille. Ce recueil a pour auteur, Moḥammad ibn Salâmat ibn Ḥakmoûn (حكمون) al-Qodhâʿî, cadi schaféite, mort en 457 de l'hégire (1062 de J. C.). Chaque sentence est suivie d'un commentaire assez détaillé, en persan. La préface du compilateur, rédigée en arabe, se trouve sur la marge du fol. 4 v°. Cette collection de maximes est très-importante pour faire connaître le caractère de Mahomet et mériterait d'être publiée. Copié en rabīʿ I 774 h. / 31 août - 29 septembre 1372) par Yūnus ibn Šāḏmahr ibn Walī al-Dīn. Le texte est écrit à l'encre rouge, le commentaire à l'encre noire. ¤ شهاب الاخبار ¤ شرح کتاب شهاب الأخبار سید محمد المصطفی المختار ¤ Šarḥ-i kitāb-i Šahāb al-aḫbār-e Sayyid Muḥammad al-Mušṭafā al-Muḫtār ¤ MUḤAMMAD ibn Salāma ibn Ḫaḍr (ibn Ḥakmūn) al-Qoḍāʿī (Abū ʿAbdallah).;Vie de Mahomet. یونس ابن شاذمهر بن ولی الدین ¤ Proverbes et sentences;Gallica;http://archivesetmanuscrits.bnf.fr/ark:/12148/cc298879;domaine public ¤ public domain;177;;0.0;Bibliothèque nationale de France. Département des manuscrits. Arabe 1952
https://gallica.bnf.fr/iiif/ark:/12148/btv1b10088311w;Recueil;manuscrits;Ǧāmī, ʿAbd al-Raḥmân ibn Aḥmad Nūr al-Dīn (1414-1492). Auteur du texte ¤ Kāšānī, ʿAbd al-Razzāq ibn Aḥmad Kamāl al-Dīn al- (12..-1330?). Auteur du texte ¤ كاشاني، عبد الرزاق. Auteur du texte ¤ Ibn ʿArabī, Muḥyī al-Dīn Abū ʿAbd Allāh Muḥammad ibn ʿAlī (1165-1240). Auteur du texte ¤ Qayṣarī, Dāwūd ibn Muaḥmūd ibn Muḥammad al-Rūmī. Auteur du texte ¤ قيصري، داود بن محمود بن محمد الرومي. Auteur du texte ¤ Ābiwardī. . Auteur du texte ¤ الآبوردي. Auteur du texte ¤ al- Ābiwardī, Abū al-Muẓaffar Muḥammad ibn al-ʿAbbās Aḥmad (1064-1113). Auteur du texte ¤ الآبي وردي، ابوالمظفر محمد بن العباس أحمد. Auteur du texte;Riḍā. Ancien possesseur ¤ Ǧāmī, ʿAbd al-Raḥmân ibn Aḥmad Nūr al-Dīn (1414-1492);;1477;Contient : Ǧāmī. Naqd al-Nuṣūṣ fī šarḥ Naqš al-Fuṣūṣ , جامی نقد النصوص فی شرح نقش النصوص , Fragments de textes , Muḥyī al-Dīn Abū ʿAbd-Allāh Muḥammad ibn ʿAlī ibn Muḥammad ibn al-ʿArabī. Kitāb Muẖtaṣar Fuṣūṣ al-ḥikam , محي الدين ابو عبدالله محمد بن علي بن محمد بن العربيكتاب مخصتر فصوص الحكم , Ḥaqāʾiq al-asmāʾ al-ilāhiyyaẗ , حقائق الأسماء الالهية , Ābiwardī. Naǧdiyyāt , الآبوردي نجديات ¤ Numérisation effectuée à partir d'un document de substitution : R 144750.;;Gallica;http://archivesetmanuscrits.bnf.fr/ark:/12148/cc107215g;domaine public ¤ public domain;118;;0.0;Bibliothèque nationale de France. Département des Manuscrits. Supplément Persan 1091
https://gallica.bnf.fr/iiif/ark:/12148/btv1b11003897t;مصّرِحة الاسماء « L'interprète des noms », vocabulaire arabe expliqué en persan et dédié à Bajazet (ابايزيد), fils de Moḥammad Khân.;manuscrits;;;;1455;مصرحة الاسماء ¤ Numérisation effectuée à partir d'un document de substitution. ¤ Commencement : .ان من لطف الله بالثبات حمد المُنْطِق باللغات Ms. daté de l'an 859 (1455 de J.-C.). ¤ ان من لطف الله بالثبات حمد المُنْطِق باللغات . ¤ مصرحة الاسماء;Dictionnaires;Gallica;http://archivesetmanuscrits.bnf.fr/ark:/12148/cc32045r;domaine public ¤ public domain;228;;0.0;Bibliothèque nationale de France. Département des manuscrits. Arabe 4297
https://gallica.bnf.fr/iiif/ark:/12148/btv1b11003896c;المعشّرات السحرية فى الابيات الفكرية « Les Dizains en-chanteurs ou Vers qui font réfléchir », traité en vers persans, renfermant des mots arabes avec leurs équivalents persans.;manuscrits;BAHĀ AL-MIĠĀ al-Qarawī (?). Auteur du texte;;;1410;المعشرات السحرية فى الابيات الفكرية ¤ Numérisation effectuée à partir d'un document de substitution. ¤ Ce traité se compose de plusieurs morceaux, chacun de dix vers d'un mètre différent. La préface est en arabe. L'auteur écrit son nom بهاءٍ الْمِغا لقَرَوىّ. Commencement : الحمد لله واهب العقل و الطبع الموزون. Ms. écrit à Brousse et daté de 812 (1410 de J.-C.). ¤ الحمد لله واهب العقل و الطبع الموزون . ¤ المعشرات السحرية فى الابيات الفكرية ¤ BAHĀ AL-MIĠĀ al-Qarawī (?).;Divans et qaṣîdas ¤ Dictionnaires;Gallica;http://archivesetmanuscrits.bnf.fr/ark:/12148/cc32044h;domaine public ¤ public domain;56;;0.0;Bibliothèque nationale de France. Département des manuscrits. Arabe 4296
https://gallica.bnf.fr/iiif/ark:/12148/btv1b10031720d;Coran, avec traduction interlinéaire en persan. ¤ القرآن;manuscrits;;Abū Bakr al-Sabrī. Ancien possesseur ¤ ʿUmar. Ancien possesseur;;1493;Al-Qur'ān ¤ Numérisation effectuée à partir d'un document de substitution. ¤ IranCopie achevée le 11 rağab 898/28 avril 1493 (f° 328 r°). Mention waqf (f° 203 r°). ¤ Al-Qur'ān ¤ Abū Bakr al-Sabrī. ¤ ʿUmar. ¤ Lieu de copie : Iran;;Gallica;http://archivesetmanuscrits.bnf.fr/ark:/12148/cc88161q;domaine public ¤ public domain;1;;0.0;Bibliothèque nationale de France. Département des Manuscrits. Arabe 4712
https://gallica.bnf.fr/iiif/ark:/12148/btv1b84322251;Recueil de vingt-six traditions de Mahomet, rangées d'après l'ordre alphabétique, et traduites en vers persans, avec le titre de Kitab-i hadith-i sharif , des prières en langue arabe, pour les diverses circonstances de la vie, précédées d'une courte introduction en persan, sont écrites dans les marges du manuscrit.;manuscrits;;Schefer, Charles (1820-1898). Ancien possesseur ¤ Zayn al-ʿĀbidīn ibn Muḥammad. Copiste ¤ زين العابدين بن محمد. Copiste;;1486;Kitab-i hadith-i sharif ¤ Kitāb-i ḥadīṯ-i šarīf ¤ كتاب حديث شريف ¤ Numérisation effectuée à partir d'un document original. ¤ Copié en ḏū al-ḥiğğa 891 h. / 28 novembre-27 décembre 1486, par un calligraphe nommé Zaïn al-ʿAbidin ibn Mohammad ¤ Schefer, Charles (1820-1898). ¤ Kitab-i hadith-i sharif ¤ Kitāb-i ḥadīṯ-i šarīf ¤ كتاب حديث شريف ¤ Zayn al-ʿĀbidīn ibn Muḥammad. زين العابدين بن محمد.;;Gallica;http://archivesetmanuscrits.bnf.fr/ark:/12148/cc330787;domaine public ¤ public domain;9;;0.0;Bibliothèque nationale de France. Département des Manuscrits. Arabe 6050
https://gallica.bnf.fr/iiif/ark:/12148/btv1b11000757r;MUḤAMMAD IBN ASʿAD ǦALĀL AL-DĪN AL-DAWWĀNĪ. Commentaire du Ṭawāliʿ al-anwār min matāliʿ an-anẓār de ʿAbd Allāh ibn ʿUmar al-Bayḍāwī.;manuscrits;Muḥammad ibn Asʿad al-Dawwānī. Auteur du texte ¤ Qāḍī ʿĪsā. Auteur du texte ¤ قاضي عيسى. Auteur du texte ¤ محمد بن أسعد الدواني. Auteur du texte;Aḥmad ibn ʿUbayd. Ancien possesseur ¤ Maḥmūd ibn ʿAlī. Ancien possesseur;;14910325;Ṭawāliʿ al-anwār min maṭāliʿ al-anẓār. Commentaire ¤ طوالع الأنوار من مطالع الانظار ¤ طوالع الانوار . شرح ¤ Numérisation effectuée à partir d'un document de substitution. ¤ Le commentaire a été attribué à Dawwānī en fonction d'une note inscrite au fol. 1.Inc. :المشهور افتح المصنف رَه كتابه بقوله بسم و الاسم اما من الوسم ... لما جرت عادة المصنفين بل فاعل كل امر أن يبتدا بالبلسمة تيمنا و للحديثExp. :اباءهم و ذراريهم لنشر الدين و اعلاء الحق نفعنا بمحبتهم ... سميع مجيب و صلى الَخ ما ورد في مناقبهم و حكى من اثارهم من التشديدات في امر الدين حتى قتلواBROCKELMANN (C), Geschichte der arabischen Literatur, I2, 533 [VI] , Suppl. I, 742.Copie anonyme achevée le 14 ǧumādā I 896 (f. 223 v). ¤ Muḥammad ibn Asʿad al-Dawwānī. ¤ Qāḍī ʿĪsā. ¤ قاضي عيسى. ¤ محمد بن أسعد الدواني. ¤ Ṭawāliʿ al-anwār min maṭāliʿ al-anẓār. Commentaire ¤ طوالع الأنوار من مطالع الانظار ¤ طوالع الانوار . شرح ¤ لما جرت عادة المصنفين بل فاعل كل أمر أن يبتدأ بالبسملة تيمنا للحديث المشهور. ¤ Aḥmad ibn ʿUbayd. ¤ Maḥmūd ibn ʿAlī.;KALAM. Uṣūl al-Dīn. Ouvrages généraux. Méthodologie ¤ ŠIʿR. Notes;Gallica;http://archivesetmanuscrits.bnf.fr/ark:/12148/cc904550;domaine public ¤ public domain;223;;0.0;Bibliothèque nationale de France. Département des Manuscrits. Arabe 1255
https://gallica.bnf.fr/iiif/ark:/12148/btv1b11003894g;Kitāb al-afʿāl ¤ كتاب الافعال .;manuscrits;;Ḫağandī, Badr al-Dīn ibn ʿAlī al-Dīn ibn Amīr Yūsuf al-. Copiste;;1238;كتاب الافعال ¤ Numérisation effectuée à partir d'un document de substitution. ¤ « Livre des verbes ». C'est un vocabulaire composé des diverses classes des verbes de la première forme. La signification de chaque mot est indiquée en persan, dans les entrelignes. Copie achevée le premier dimanche (le 6) de rabīʿ al-awwal 636 h. / 17 octobre 1238 par Badr al-Dīn ibn ʿAlī al-Dīn ibn Amīr Yūsuf al-Ḫağandī (f. 187). ¤ كتاب الافعال ¤ Ḫağandī, Badr al-Dīn ibn ʿAlī al-Dīn ibn Amīr Yūsuf al-.;Dictionnaires;Gallica;http://archivesetmanuscrits.bnf.fr/ark:/12148/cc320421;domaine public ¤ public domain;187;;0.0;Bibliothèque nationale de France. Département des manuscrits. Arabe 4294
https://gallica.bnf.fr/iiif/ark:/12148/btv1b110038039;Arabe 4434;manuscrits;Abū BAKR MUḤAMMAD ibn Muḥammad ibn ʿAbd al-Ğalīl al-Maʿmarī (Rāid al-Dīn). Auteur du texte ¤ Vaṭvāṭ, Muḥammad ibn ʿAbd al-Ğalīl Rašīd al-Dīn (10..-1177). Auteur du texte;;;1473;انشا ¤ Contient : Pièces officielles provenant de la chancellerie des sultans de Kharizm sous les règnes d'Atsiz, de son fils Il Arslân et de Maḥmoûd, fils d'Il Arslân , Qaṣîda de Râschid al-Dîn Aboû Bakr Moḥammad ibn Moḥammad ibn ʿAbd al-Djalîl al-Maʿmarî à la louange du sultan Maḥmoûd Kharizm-Schâh, suivi de quelques autres poèmes du même , Lettres d'un sultan à un autre , Recueil de quarante-huit lettres écrites en beau style persan sur des sujets divers , Quatrains, lettres de compliments et pièces de vers , le tout en langue turque et d'une autre écriture que le reste du ms ¤ Numérisation effectuée à partir d'un document de substitution. ¤ Ms. daté de l'an 877 de l'hégire (1473 de J.-C.). (Voyez fol. 170 v°.) D'après M. Jawād, ce manuscrit contient les Rasā'il de Rašīd al-Dīn al-Waṭwāṭ. ¤ انشا;Inschâ;Gallica;http://archivesetmanuscrits.bnf.fr/ark:/12148/cc321788;domaine public ¤ public domain;226;;0.0;Bibliothèque nationale de France. Département des manuscrits. Arabe 4434
https://gallica.bnf.fr/iiif/ark:/12148/btv1b100316542;Recueil de prières en arabe formé d'une litanie dans laquelle Allah est invoqué par ses mille et un noms, dans le texte de laquelle on doit intercaler les feuillets 38-50 après le folio 12, par suite d'une interversion , elle est suivie d'une autre litanie que l'on doit réciter après elle, et dans laquelle on implore la miséricorde d'Allah sur le prophète Mahomet, sur les Prophètes, sur tous les Musulmans (fol. 34 verso) , de la prière des cent tasbih, avec une notice en persan sur ses vertus (folio 35 verso), incomplète , manuscrit de luxe.;manuscrits;;ʿAli ibn Sultanbakht ibn Kaï-Khosrau al-Hosaïni. Copiste;;1419;Numérisation effectuée à partir d'un document de substitution. ¤ Daté du jeudi 1er Rabiʿ second 822 de l'hégire / 28 mars 1419, copié par ʿAli ibn Sultanbakht ibn Kaï-Khosrau al-Hosaïni;;Gallica;http://archivesetmanuscrits.bnf.fr/ark:/12148/cc33568w;domaine public ¤ public domain;51;;0.0;Bibliothèque nationale de France. Département des Manuscrits. Arabe 6609
https://gallica.bnf.fr/iiif/ark:/12148/btv1b110007406;MASʿŪD IBN ʿUMAR SAʿD AL-DĪN AL-TAFTĀZĀNĪ. Commentaire sur les ʿAqāʾid de ʿUmar ibn Muḥammad Naǧm al-Dīn al-Nasafī.;manuscrits;Masʿūd ibn ʿUmar al-Taftāzānī. Auteur du texte ¤ ʿUmar ibn Muḥammad al-Nasafī. Auteur du texte ¤ عمر بن محمد النسفي. Auteur du texte ¤ مسعود بن عمر التفتازاني. Auteur du texte;Ibrāhīm ibn ʿAlī al-Ḥusaynī. Ancien possesseur ¤ Ismāʿīl. Ancien possesseur;;1459-1460;ʿAqāʾid. ?arḥ ¤ عقائد . شرح ¤ Numérisation effectuée à partir d'un document de substitution. ¤ Inc. (f. 2 v) :الشرائع و الاحكام و أساس قواعد عقائد الاسلام الحمد لله المتوحد بجلال ذاته و كمال صفاته ... و بعد فان مبنى علمExp. (f. 109) :و الكمال فلا دلالة على فضيلة الملائكة انما هو امر التجرد و اظهار الاثار القوية لا في مطلق الشرفBROCKELMANN (C), Geschichte der arabischen Literatur, I2, 548 [I, Cmt. I] , Suppl. I, 758 , éd. CLAUDE SALĀMA, Damas, 1974.Copie exécutée par Qiwām al-Dīn ibn ?iblī et achevée en 864 H (f. 109). ¤ Masʿūd ibn ʿUmar al-Taftāzānī. ¤ ʿUmar ibn Muḥammad al-Nasafī. ¤ عمر بن محمد النسفي. ¤ مسعود بن عمر التفتازاني. ¤ ʿAqāʾid. ?arḥ ¤ عقائد . شرح ¤ الحمد لله المتوحد بجلال ذاته و كمال صفاته ... وبعد فان مبنى علم الشرائع و الاحكام و أساس. ¤ Ibrāhīm ibn ʿAlī al-Ḥusaynī. ¤ Ismāʿīl. ¤ Qiwām al-Dīn ibn ?iblī..;TRADITION (Ḥadīṯ). Notes ¤ FIQH. Furūʿ, fragments en notes ¤ CULTE. Ouvrages sur la prière ¤ CULTE. Prières et formules efficaces. Notes ¤ KALAM. Uṣūl al-Dīn. Profession de foi (lʿtiqādāt) ¤ KALAM. Uṣūl al-Dīn. Notes ¤ KALAM. Uṣūl al-Dīn. Notes ¤ PHILOSOPHIE. Notes ¤ ŠIʿR. Notes;Gallica;http://archivesetmanuscrits.bnf.fr/ark:/12148/cc904333;domaine public ¤ public domain;1;;0.0;Bibliothèque nationale de France. Département des Manuscrits. Arabe 1234
https://gallica.bnf.fr/iiif/ark:/12148/btv1b110008930;ʿALĪ IBN MUḤAMMAD ʿIZZ AL-DĪN IBN AL-AṮĪR. Al-Kāmil fī l-taʾrīẖ. ¤ علي بن محمد عز الدين بن الأثير. الكامل في التأريخ.;manuscrits;ʿAlī ibn Muḥammad Ibn al-Aṯīr. Auteur du texte ¤ علي بن محمد بن الأثير. Auteur du texte;ʿAbd Allāh ibn Muḥammad ibn Muḥyī l-Dīn ibn al-H̱ādim. Ancien possesseur ¤ Aḥmad ibn Muḥammad al-Ḥusaynī al-Mūsawī. Ancien possesseur ¤ Isḥāq ibn Ismāʿīl al-Qaṣrī. Ancien possesseur ¤ Muḥammad ibn ʿAbd al-Maǧīd al-Farrāʾ al-Musībī al-Marāġī. Ancien possesseur ¤ Ṭarābulusī (al-). Ancien possesseur ¤ Yaḥyā ibn ʿAbd al-Raḥmān ibn ʿUmar. Ancien possesseur;;1301-1400;H̱ulāṣa ¤ Kāmil fī al-taʾrīẖ (al-) ¤ Muʿǧam al-buldān ¤ Murūǧ al-ḏahab wa-maʿādin al-ǧawhar ¤ Qāmūs al-muḥīṭ (al-) ¤ ʿUmdat al-ṭālib fī nasab Āl Abī Ṭālib ¤ ʿUyūn al-anbāʾ fī ṭabaqāt al-aṭibbāʾ ¤ خلاصة ¤ عمدة الطالب في نسب آل أبي طالب ¤ عيون الأنباء في طبقات الأطباء ¤ القاموس المحيط ¤ الكامل في التأريخ ¤ مروج الذهب ومعادن الجوهر ¤ معجم البلدان ¤ Numérisation effectuée à partir d'un document de substitution. ¤ Titre au f. 1, au frontispice de la 2ème partie (f. 27) et sur la tranche. De Ḏikr wuṯūb al-Muẖtār bi-Kūfa (année 66 h) à Ḏikr mulk ʿAḍud al-dawla ʿUmān (année 363 h) (cf. éd. de Beyrouth, IV p. 211-VIII p. 646). Lacunes entre les f. 85 et 86 (V p. 207-213) et au f. 378 (VIII p. 551).Cf. ms Arabe 1492.Copie anonyme et non datée. La partie la plus récente est de deux mains (f. 1-26v d'une main , 28, 97-111, 212-231 d'une autre). Les f. 96, 104, 109, 145, 150, 167, 173, 175, 177, 181, 182, 184, 191 sont des ajouts de la main de W. M. G. de Slane. ¤ ʿAbd al-Raḥmān ibn ʿAlī Ibn al-Ǧawzī. ¤ ʿAlī ibn al-Ḥusayn al-Masʿūdī. ¤ ʿAlī ibn Muḥammad Ibn al-Aṯīr. ¤ Muḥammad ibn al-Ḥusayn ibn al-ʿAmīd. ¤ H̱ulāṣa ¤ Kāmil fī al-taʾrīẖ (al-) ¤ Muʿǧam al-buldān ¤ Murūǧ al-ḏahab wa-maʿādin al-ǧawhar ¤ Qāmūs al-muḥīṭ (al-) ¤ ʿUmdat al-ṭālib fī nasab Āl Abī Ṭālib ¤ ʿUyūn al-anbāʾ fī ṭabaqāt al-aṭibbāʾ ¤ عبد الرحمان بن علي بن الجوزي. ¤ علي بن الحسين المسعودي. ¤ علي بن محمد بن الأثير. ¤ محمد بن الحسين بن العميد. ¤ خلاصة ¤ عمدة الطالب في نسب آل أبي طالب ¤ عيون الأنباء في طبقات الأطباء ¤ القاموس المحيط ¤ الكامل في التأريخ ¤ مروج الذهب ومعادن الجوهر ¤ معجم البلدان ¤ ʿAbd Allāh ibn Muḥammad ibn Muḥyī l-Dīn ibn al-H̱ādim. ¤ Aḥmad ibn Muḥammad al-Ḥusaynī al-Mūsawī. ¤ ʿAlī ibn ʿAbd al-ʿAlī al-Barǧandī. ¤ ʿAlī H̱ān. ¤ Ḥusayn al-Muqriʾ. ¤ Isḥāq ibn Ismāʿīl al-Qaṣrī. ¤ Muḥammad ibn ʿAbd al-Maǧīd al-Farrāʾ al-Musībī al-Marāġī. ¤ Ṭarābulusī (al-). ¤ Yaḥyā ibn ʿAbd al-Raḥmān ibn ʿUmar. ¤ Ayā Sufyā. ¤ Constantinople. ¤ Louis-Philippe. ¤ SLANE, William Mac Guckin de.;Chroniques et Histoire des dynasties;Gallica;http://archivesetmanuscrits.bnf.fr/ark:/12148/cc29465q;domaine public ¤ public domain;28;;0.0;Bibliothèque nationale de France. Département des Manuscrits. Arabe 1495
https://gallica.bnf.fr/iiif/ark:/12148/btv1b110005197;Arabe 828;manuscrits;Aḥmad ibn Muḥammad al-Qudūrī. Auteur du texte ¤ أحمد بن محمد القدوري. Auteur du texte;Kamāl ʿAbd al-Ḥayy. Ancien possesseur ¤ Muḥammad Muṣṭafā. Copiste;;1401-1600;Contient : AḤMAD IBN MUḤAMMAD AL-QUDŪRĪ. Muḫtaṣar , Kitāb šurūṭ al-ṣalāt ¤ Numérisation effectuée à partir d'un document de substitution. ¤ Volume formé de parties de deux manuscrits. Copie de la première partie anonyme, achevée en 892/1487 (f. 158 v) , copie de la deuxième partie exécutée par Muḥammad Muṣṭafā et achevée au mois de ḏū-l-ḥiǧǧa 980/1573 (f. 176).Écriture orientale de différentes mains (Turquie). ¤ الحمد لله رب العالمين ... هذا كتاب آداب المقدمة في أركان الصلاة و الوضوء. ¤ Kamāl ʿAbd al-Ḥayy. ¤ Muḥammad Muṣṭafā.;TRADITION (Ḥadīṯ). Notes ¤ FIQH. Furūʿ, fragments en notes ¤ CULTE. Prières et formules efficaces. Notes ¤ PARENESE. Notes ¤ LEXICOGRAPHIE. Notes ¤ ARITHMÉTIQUE (Ḥisāb). Notes;Gallica;http://archivesetmanuscrits.bnf.fr/ark:/12148/cc900414;domaine public ¤ public domain;176;;0.0;Bibliothèque nationale de France. Département des Manuscrits. Arabe 828
https://gallica.bnf.fr/iiif/ark:/12148/btv1b11002300q;Le Canon d'Avicenne.;manuscrits;Ibn Sīnā, Al-Ḥusayn ibn ʿAbd Allâh (0980-1037). Auteur du texte ¤ Al-ḤUSAYN ibn ʿAbdallah Ibn Sīna (Abū ʿAlī). Auteur du texte;;;1401-1500;القانون فى الطبّ ¤ Numérisation effectuée à partir d'un document de substitution. ¤ Cinquième livre. Des gloses persanes, donnant la traduction de certains mots et même de certains passages sont placés en plusieurs endroits entre les lignes. ¤ القانون فى الطبّ ¤ Al-ḤUSAYN ibn ʿAbdallah Ibn Sīna (Abū ʿAlī).;Médecine;Gallica;http://archivesetmanuscrits.bnf.fr/ark:/12148/cc30826p;domaine public ¤ public domain;222;;0.0;Bibliothèque nationale de France. Département des manuscrits. Arabe 2916
https://gallica.bnf.fr/iiif/ark:/12148/btv1b10224679d;Manuscrits de la Bibliothèque nationale et universitaire de Strasbourg. Manuscrits arabes. Morakka?, contenant d'un côté de ses feuillets des modèles d'écriture en caractères naskhi arabe, sur l'autre face, des modèles de graphie persane, en nastalik, dus au kalam des meilleurs artistes de l'Iran, Sultan ?Ali al-Mashhadi, Mir?Ali al-Mashhadi, Shah Mahmoud al-Nishapouri, Mohammad Riza al-Mashhadi, Mohammad Riza al-Tabrizi, avec les dates de 978 et 999 de l'hégire, Ahmad al-Hosaïni al-Mashhadi, Kani?i, avec les dates des années 983 et 984, Hadji Mohammad, Fakri al-Brousavi, un découpage en papier blanc sur un fond jaune;manuscrits;;;;1401-1500;Numérisation effectuée à partir d'un document original. ¤ Appartient à l'ensemble documentaire : BNUStras1 ¤ Appartient à l'ensemble documentaire : BNUStr022 ¤ Appartient à l'ensemble documentaire : BNUStr000 ¤ Morakka;Anges ¤ Angélologie mahométane ¤ Arabe ¤ Écriture ¤ Peintures persanes;Gallica;http://archivesetmanuscrits.bnf.fr/ark:/12148/cc95975z/cd0e1109;domaine public ¤ public domain;46;BNUStras1 ¤ BNUStr022 ¤ BNUStr000;0.0;Bibliothèque nationale et universitaire de Strasbourg. Ms.4.322
https://gallica.bnf.fr/iiif/ark:/12148/btv1b11002088g;Arabe 2946;manuscrits;ṬĀHIR ibn Ibrāhīm ibn Muḥammad. Auteur du texte ¤ MUḤAMMAD ibn Bahrām Ibn al-Qalānisī (Badr al-Dīn). Auteur du texte ¤ Hippocrate (0460-0377 av. J.-C.). Auteur du texte ¤ YOḤANNĀ Ibn al-Baṭrīq. Auteur du texte ¤ MUḤAMMAD ibn ʿAlī ibn ʿUmar al-Samarqandī (Nağīb al-Dīn). Auteur du texte;ʿAlīšāh;;1455-1456;Contient : ايضاح محجّة العلاج « Éclaircissement de la voie qui conduit à la thérapeutique », par Ṭâhir ibn Ibrâhîm ibn Moḥammad, médecin persan du XIe siècle , Médicaments simples mentionnés dans la تحفة et classés ici selon leur nature et leur emploi , Traité de pharmaceutique, par Badr al-Dîn Moḥammad ibn Bahrâm Ibn al-Qalânisî (ابن القلانسى), médecin qui vivait vers la fin du XIIe siècle , Traité d'Hippocrate sur la mort, traduit en arabe par Yaḥyâ ibn al-Baṭrîq , Sur le régime qu'il faut prescrire aux malades (اطعمة المرضى) , Recettes , Petit dictionnaire alphabétique des simples, suivi d'un chapitre sur les purgatifs , Recueil de recettes et de remèdes , Recueil de notes dont l'auteur est le médecin qui a écrit ce volume , Deux traités en langue persane, sur les pronostics qu'on peut tirer des mois de l'année ¤ Numérisation effectuée à partir d'un document de substitution. ¤ Ms. tout entier de la même main et daté de 859 et 860 de l'hégire (1455-1456 de J. C.).;Médecine;Gallica;http://archivesetmanuscrits.bnf.fr/ark:/12148/cc308569;domaine public ¤ public domain;289;;0.0;Bibliothèque nationale de France. Département des manuscrits. Arabe 2946
https://gallica.bnf.fr/iiif/ark:/12148/btv1b11002056b;شرح الفصول لابوقراط « Commentaire des Aphorismes d'Hippocrate ».;manuscrits;ʿABD AL-RAḤMĀN ibn ʿAlī ibn abī Ṣādiq (Abū al-Qāsim). Auteur du texte ¤ Hippocrate (0460-0377 av. J.-C.). Auteur du texte ¤ HONAYN ibn Isḥāq (Abū Yazīd). Auteur du texte;;;1401-1500;الفصول لابوقراط ¤ Numérisation effectuée à partir d'un document de substitution. ¤ Le texte des premiers feuillets est accompagné de quelques gloses en persan. ¤ الفصول لابوقراط ¤ ʿABD AL-RAḤMĀN ibn ʿAlī ibn abī Ṣādiq (Abū al-Qāsim). ¤ Hippocrate (0460-0377 av. J.-C.). ¤ HONAYN ibn Isḥāq (Abū Yazīd).;Équitation, chasse et art militaire ¤ Médecine;Gallica;http://archivesetmanuscrits.bnf.fr/ark:/12148/cc30755w;domaine public ¤ public domain;161;;0.0;Bibliothèque nationale de France. Département des manuscrits. Arabe 2839
https://gallica.bnf.fr/iiif/ark:/12148/btv1b11003895x;Liste de verbes avec leur signification, tantôt en persan, tantôt en turc.;manuscrits;;;;1301-1400;Numérisation effectuée à partir d'un document de substitution. ¤ Au verso du dernier feuillet se trouve une note sur les passages du Coran dans lesquels certaines prépositions (حروف المعارف) sont remplacées par d'autres.;Dictionnaires;Gallica;http://archivesetmanuscrits.bnf.fr/ark:/12148/cc320438;domaine public ¤ public domain;258;;0.0;Bibliothèque nationale de France. Département des manuscrits. Arabe 4295
https://gallica.bnf.fr/iiif/ark:/12148/btv1b11002926h;Recueil, divisé en vingt chapitres, sans titre, ni nom d'auteur, qui renferme des sentences, des historiettes, des paroles spirituelles attribuées, les unes à Mahomet, les autres à des saints personnages et à des philosophes, enfin un grand nombre de pièces de vers des principaux poètes arabes et persans, parmi lesquelles l'auteur a inséré plusieurs morceaux de sa composition.;manuscrits;;;;1401-1500;Numérisation effectuée à partir d'un document de substitution. ¤ Le premier chapitre traite de la connaissance de Dieu , le second, de l'unité de Dieu , le troisième, de la noblesse de l'homme , le quatrième, de l'avarice , le cinquième, du courage , le sixième, de la vérité et du mensonge, etc. Le premier feuillet manque. Il a été remplacé par un autre, avec un titre apocryphe et la liste des dix premiers chapitres.;Collections et anthologies ¤ Proverbes et sentences;Gallica;http://archivesetmanuscrits.bnf.fr/ark:/12148/cc312861;domaine public ¤ public domain;186;;0.0;Bibliothèque nationale de France. Département des manuscrits. Arabe 3390
https://gallica.bnf.fr/iiif/ark:/12148/btv1b11002683h;Arabe 3088;manuscrits;MUḤAMMAD ibn al-Ḥusayn Ibn Dorayd al-Azdī (Abū Bakr). Auteur du texte ¤ AḤMAD ibn ʿAbd al-Razzāq al-Ṭanṭarānī. Auteur du texte ¤ ʿABD AL-QĀHIR ibn ʿAbd al-Raḥmān al-Ğorğānī. Auteur du texte ¤ KAʿB ibn Zohayr. Auteur du texte ¤ MAḤMŪD ibn abī Bakr al-Farāhī (Badr al-Dīn Abū Naṣr). Auteur du texte ¤ Abū Naṣr Farāhī. Auteur du texte ¤ ابو نصر فراهي. Auteur du texte;Muḥammad ibn Ḥāğğī ibn Maḥmūd. Copiste ¤ محمد بن حاجی بن محمود. Copiste;;1440-1441;Contient : La Maqṣoûra d'Ibn Doraïd , La qaṣîda d'Al-Ṭanṭarânî, accompagnée de nombreuses gloses , Les Cent régissants d'Al-Djordjânî, texte légèrement remanié , Notes et observations grammaticales, suivies de quelques vers en persan , Le بانت سعاد de Kaʿb ibn Zohaïr accompagné de nombreuses gloses , Traité de métrique, en vers persans, par Aboû Naṣr Farâhî ¤ Numérisation effectuée à partir d'un document de substitution. ¤ Lieu de copie : Šīrāz;Divans et qaṣîdas;Gallica;http://archivesetmanuscrits.bnf.fr/ark:/12148/cc309969;domaine public ¤ public domain;87;;0.0;Bibliothèque nationale de France. Département des manuscrits. Arabe 3088
https://gallica.bnf.fr/iiif/ark:/12148/btv1b11002866s;Muḫtār rawḍat al-nāẓir wa-nuzhat al-ḫāṭir. ʿAbd al-ʿAzīz al-Kāšī. ¤ مختار روضة الناظر و نزهة الخاطر ». عبد العزيز الكاشي;manuscrits;Kāšī, ʿAbd al-ʿAzīz al-. Auteur du texte ¤ الكاشي، عبد العزيز. Auteur du texte ¤ ʿABD AL-ʿAzīz al-Kāšī. Auteur du texte;4010 ¤ Ṣadr al-Kātib. Copiste;;1399-1400;ٌawḍat al-nāẓir wa-nuzhat al-ḫāṭir ¤ روضة الناظر و نزهة الخاطر ¤ Numérisation effectuée à partir d'un document de substitution. ¤ Abrégé de l'ouvrage intitulé Parterre du regard et délices de l'esprit Les titres des chapitres sont écrits en or et en couleurs , les deux premières pages sont ornées de vignettes. Copié pour Fatḥ Allāh ibn Muḥammad par Ṣadr al-Kātib en 802 h. / 1399/1400 (inscription ornée au f. 1). ¤ ٌawḍat al-nāẓir wa-nuzhat al-ḫāṭir ¤ روضة الناظر و نزهة الخاطر ¤ ʿABD AL-ʿAzīz al-Kāšī.;Collections et anthologies;Gallica;http://archivesetmanuscrits.bnf.fr/ark:/12148/cc31262n;domaine public ¤ public domain;110;;0.0;Bibliothèque nationale de France. Département des manuscrits. Arabe 3366
https://gallica.bnf.fr/iiif/ark:/12148/btv1b110038899;مقدّمة الادب « Introduction à la philologie », par ʾl-Qâsim Maḥmoûd ibn ʿOmar Al-Zamakhscharî.;manuscrits;MAḤMŪD ibn ʿUmar al-Zamaḫarī (Ğār Allah Abū al-Qāsim). Auteur du texte;;;1401-1500;مقدّمة الادب ¤ Numérisation effectuée à partir d'un document de substitution. ¤ Aboû Ce lexique arabe-persan a été publié par M. Wetzstein (in-4°, Leipzig, 1850). La préface, accompagnée d'une traduction persane interlinéaire, commence ainsi : الحمد لله الذى فضّل على جميع الالسنة .لسان العرب La fin manque. ¤ مقدّمة الادب ¤ MAḤMŪD ibn ʿUmar al-Zamaḫarī (Ğār Allah Abū al-Qāsim).;Dictionnaires;Gallica;http://archivesetmanuscrits.bnf.fr/ark:/12148/cc320371;domaine public ¤ public domain;120;;0.0;Bibliothèque nationale de France. Département des manuscrits. Arabe 4289
https://gallica.bnf.fr/iiif/ark:/12148/btv1b110024774;Arabe 2687;manuscrits;ʿABD AL-RAḤMĀN ibn Muḥammad ibn ʿAlī al-Bisṭāmi. Auteur du texte;;;1428-1429;Contient : كنز الاسرار الابجدية و لطايف انوار الاحمدية « Trésor des mystères des lettres de l'alphabet et lumières pénétrantes de Mahomet », traité de cabale, par ʿAbd al-Raḥmân ibn Moḥammad Al-Basṭâmî , وصف الدواء فى كشف افات الوباء , Album de diverses écritures, renfermant des pièces de vers en persan et en turc ¤ Numérisation effectuée à partir d'un document de substitution.;Magie;Gallica;http://archivesetmanuscrits.bnf.fr/ark:/12148/cc30600g;domaine public ¤ public domain;80;;0.0;Bibliothèque nationale de France. Département des Manuscrits. Arabe 2687
https://gallica.bnf.fr/iiif/ark:/12148/btv1b110025690;Arabe 2373;manuscrits;MUḤAMMAD ibn Muḥammad al-Rāzī al-Taḥtānī (Qotb al-Dīn). Auteur du texte ¤ ʿUMAR ibn ʿAlī al-Kātibī el-Qazwīnī (Nağm al-Dīn). Auteur du texte ¤ ʿALĪ ibn Muḥammad al-Ğorğānī (al-Sayyid al-arīf). Auteur du texte;;;1365-1366;تحرير القواعد المنطقية فى شرح الرسالة الشمسية ¤ الرسالة الشمسية فى القواعد المنطقية ¤ Contient : Le Taḥrîr al-Qawâʿid ou commentaire de Qoṭb al-Dîn al-Râzî sur la Schamsîya d'Al-Qazwînî , Commentaire sur la Schamsîya ¤ Numérisation effectuée à partir d'un document de substitution. ¤ En tête du volume, on lit des notes diverses, des traditions, des pièces de vers, dont quelques-unes en persan, des observations grammaticales, etc. ¤ تحرير القواعد المنطقية فى شرح الرسالة الشمسية ¤ الرسالة الشمسية فى القواعد المنطقية ¤ MUḤAMMAD ibn Muḥammad al-Rāzī al-Taḥtānī (Qotb al-Dīn). ¤ ʿUMAR ibn ʿAlī al-Kātibī el-Qazwīnī (Nağm al-Dīn).;Philosophie;Gallica;http://archivesetmanuscrits.bnf.fr/ark:/12148/cc30290n;domaine public ¤ public domain;131;;0.0;Bibliothèque nationale de France. Département des manuscrits. Arabe 2373
https://gallica.bnf.fr/iiif/ark:/12148/btv1b10884381m;Arabe 2687;manuscrits;ʿABD AL-RAḤMĀN ibn Muḥammad ibn ʿAlī al-Bisṭāmi. Auteur du texte;;;1428-1429;Contient : كنز الاسرار الابجدية و لطايف انوار الاحمدية « Trésor des mystères des lettres de l'alphabet et lumières pénétrantes de Mahomet », traité de cabale, par ʿAbd al-Raḥmân ibn Moḥammad Al-Basṭâmî , وصف الدواء فى كشف افات الوباء , Album de diverses écritures, renfermant des pièces de vers en persan et en turc ¤ Numérisation effectuée à partir d'un document de substitution : R 39661.;Magie;Gallica;http://archivesetmanuscrits.bnf.fr/ark:/12148/cc30600g;domaine public ¤ public domain;80;;0.0;Bibliothèque nationale de France. Département des Manuscrits. Arabe 2687
https://gallica.bnf.fr/iiif/ark:/12148/btv1b10884676k;Recueil de vingt-six traditions de Mahomet, rangées d'après l'ordre alphabétique, et traduites en vers persans, avec le titre de Kitab-i hadith-i sharif , des prières en langue arabe, pour les diverses circonstances de la vie, précédées d'une courte introduction en persan, sont écrites dans les marges du manuscrit.;manuscrits;;Schefer, Charles (1820-1898). Ancien possesseur ¤ Zayn al-ʿĀbidīn ibn Muḥammad. Copiste ¤ زين العابدين بن محمد. Copiste;;1486;Kitab-i hadith-i sharif ¤ Kitāb-i ḥadīṯ-i šarīf ¤ كتاب حديث شريف ¤ Numérisation effectuée à partir d'un document de substitution : R 80849. ¤ Copié en ḏū al-ḥiğğa 891 h. / 28 novembre-27 décembre 1486, par un calligraphe nommé Zaïn al-ʿAbidin ibn Mohammad ¤ Schefer, Charles (1820-1898). ¤ Kitab-i hadith-i sharif ¤ Kitāb-i ḥadīṯ-i šarīf ¤ كتاب حديث شريف ¤ Zayn al-ʿĀbidīn ibn Muḥammad. زين العابدين بن محمد.;;Gallica;http://archivesetmanuscrits.bnf.fr/ark:/12148/cc330787;domaine public ¤ public domain;9;;0.0;Bibliothèque nationale de France. Département des Manuscrits. Arabe 6050
https://gallica.bnf.fr/iiif/ark:/12148/btv1b11005025p;MAḤMŪD IBN ʿUMAR AL-ZAMAḪŠARĪ ABŪ AL-QĀSIM. al-Kaššāf 'an ḥaqāʾiq al-tanzīl, 2e volume (Coran VI, 1-XVIII, 110).;manuscrits;Maḥmūd ibn ʿUmar al-Zamaḫ?arī. Auteur du texte ¤ محمود بن عمر الزمخشري. Auteur du texte;;;14701212;Ka??āf (al-) ʿan ḥaqāʾiq al-tanzīl ¤ الكشاف عن حقائق التنزيل ¤ Numérisation effectuée à partir d'un document de substitution. ¤ Cf. ms. Arabe 597, f. 253, ligne 17-284 et du ms. Arabe 598.Copie anonyme, achevée le 18 raǧab 875 de l'hégire (f. 310). ¤ Maḥmūd ibn ʿUmar al-Zamaḫ?arī. ¤ محمود بن عمر الزمخشري. ¤ Ka??āf (al-) ʿan ḥaqāʾiq al-tanzīl ¤ الكشاف عن حقائق التنزيل;Coran. Commentaire (Tafsīr) ¤ CULTE. Prières et formules efficaces. Notes;Gallica;http://archivesetmanuscrits.bnf.fr/ark:/12148/cc898150;domaine public ¤ public domain;1;;0.0;Bibliothèque nationale de France. Département des Manuscrits. Arabe 601
https://gallica.bnf.fr/iiif/ark:/12148/btv1b11004368g;Recueil.;manuscrits;Muḥammad ibn Muḥammad ibn al-Ǧazarī. Auteur du texte ¤ محمد بن محمد بن الجرزي. Auteur du texte ¤ Nuʿmān ibn Ṯābit Abū Ḥanīfa. Auteur du texte ¤ نعمان بن ثابت أبو حنيفة. Auteur du texte ¤ Muḥammad ibn Muḥammad al-Ḫawāfī. Auteur du texte ¤ محمد بن محمد الخوافي. Auteur du texte;;;14770509;Contient : MUḤAMMAD IBN MUḤAMMAD IBN AL-ǦAZARĪ. [Arbaʿūn.] , PSEUDO-NUʿMĀN IBN ṮĀBIT ABŪ ḤANĪFA. Waṣiyyat Abī Ḥanīfa , MUḤAMMAD IBN MUḤAMMAD ZAYN AL-DĪN AL-ḪAWĀFĪ ABŪ BAKR. al-Waṣāyā al-Qudsiyya ¤ Numérisation effectuée à partir d'un document de substitution. ¤ Copie anonyme achevée le 24 muḥarram 882 de l'hégire (f. 38 v).;;Gallica;http://archivesetmanuscrits.bnf.fr/ark:/12148/cc89972p;domaine public ¤ public domain;38;;0.0;Bibliothèque nationale de France. Département des Manuscrits. Arabe 762
https://gallica.bnf.fr/iiif/ark:/12148/btv1b110013831;ʿUBAYD ALLĀH IBN MUḤAMMAD AL-FARĠĀNĪ. Commentaire sur le Ġāyat al-quṣwā de ʿAbd Allāh ibn ʿUmar al-Bayḍāwī, acéphale, une longue préface précède le début du Kitāb al-ṭahāra.;manuscrits;ʿUbayd Allāh ibn Muḥammad al-Farġānī. Auteur du texte ¤ عبيد الله بن محمد الفرغاني. Auteur du texte;Ḥasan. Copiste;;14040101;Ġāyat al-quswā. Comment ¤ غاية القسوى . شرح ¤ Numérisation effectuée à partir d'un document de substitution. ¤ Inc. (f. 11) :الطهارة بالمياه لا الطهارة مطلقا قوله كتاب الطهارة قدم معنى الكتاب و الطهارة ههنا شExp. (f. 436) :و على لفظ الكمال ختمنا المقال راجيا من الله ... أن يحشرنا من زمرة أهل الكمال لا نصيب كل منها بموته عتق وصار بموتها من أهل الكمالBROCKELMANN (C), Geschichte der arabischen Literatur, I², 533 (III) , Suppl. I, 753 , ?aḏarāt al-ḏahab, VI, 139 , ḤĀǦǦĪ ḪALĪFA, Ka?f al-ẓunūn fī asāmī l-kutub, IV, 302 n° 8531.Copie exécutée par un certain Ḥasan et achevée le 17 ǧumādā II 806 de l'hégire (f. 436)., ¤ ʿUbayd Allāh ibn Muḥammad al-Farġānī. ¤ عبيد الله بن محمد الفرغاني. ¤ Ġāyat al-quswā. Comment ¤ غاية القسوى . شرح ¤ Ḥasan.;FIQH. Furūʿ ?āfiʿites ¤ Notes HISTORIQUES;Gallica;http://archivesetmanuscrits.bnf.fr/ark:/12148/cc90232h;domaine public ¤ public domain;917;;0.0;Bibliothèque nationale de France. Département des Manuscrits. Arabe 1024
https://gallica.bnf.fr/iiif/ark:/12148/btv1b11003784p;Arabe 4283;manuscrits;MAḤMŪD ibn ʿUmar al-Zamaḫarī (Ğār Allah Abū al-Qāsim). Auteur du texte;;;1462;Contient : Dictionnaire arabe-persan des noms d'action, disposé d'après l'ordre des consonnes finales , La Moqaddimat al-Adab d'Al-Zamakhscharî , Dictionnaire arabe-persan, avec explications interlinéraires eu langue turque ¤ Numérisation effectuée à partir d'un document de substitution. ¤ Les deux premiers ouvrages sont datés de l'an 866 de l'hégire (1462 de J.-C.) , le troisième, de l'an 842 de l'hégire (1438 de J.-C.).;Dictionnaires;Gallica;http://archivesetmanuscrits.bnf.fr/ark:/12148/cc32031k;domaine public ¤ public domain;191;;0.0;Bibliothèque nationale de France. Département des manuscrits. Arabe 4283
https://gallica.bnf.fr/iiif/ark:/12148/btv1b110023032;الموجز فى الطبّ « Compendium de médecine ».;manuscrits;ʿALĪ ibn abī al-Haẓm al-Qoraī Ibn al-Nafīs (ʿAlā al-Dīn Abū al-Ḥasan). Auteur du texte ¤ Al-ḤUSAYN ibn ʿAbdallah Ibn Sīna (Abū ʿAlī). Auteur du texte;;;1383;القانون فى الطبّ ¤ الموجز فى الطبّ ¤ Numérisation effectuée à partir d'un document de substitution. ¤ Nombreuses notes marginales aux premiers feuillets. Les feuillets de garde portent diverses notes, les unes en arabe, les autres en turc. Ms. daté de l'an 785 de l'hégire (1383 de J. C.). ¤ القانون فى الطبّ ¤ الموجز فى الطبّ ¤ ʿALĪ ibn abī al-Haẓm al-Qoraī Ibn al-Nafīs (ʿAlā al-Dīn Abū al-Ḥasan). ¤ Al-ḤUSAYN ibn ʿAbdallah Ibn Sīna (Abū ʿAlī).;Médecine;Gallica;http://archivesetmanuscrits.bnf.fr/ark:/12148/cc30830f;domaine public ¤ public domain;224;;0.0;Bibliothèque nationale de France. Département des manuscrits. Arabe 2920
https://gallica.bnf.fr/iiif/ark:/12148/btv1b11000640t;ʿABD ALLĀH IBN AḤMAD IBN MAḤMŪD ḤĀFIẒ AL-DĪN AL-NASAFĪ. Kanz al-daqāʾiq [fī l-furūʿ].;manuscrits;ʿAbd Allāh ibn Aḥmad al-Nasafī. Auteur du texte ¤ عبد الله بن أحمد النسفي. Auteur du texte;ʿAlī Āmāsawī. Ancien possesseur ¤ Maḥmūd ibn Ibrāhīm al-Āmasawī. Ancien possesseur ¤ Šaraf al-Dīn ibn Aḥmad. Copiste;;143410;Kanz al-daqāʾiq ¤ كنز الدقائق ¤ Numérisation effectuée à partir d'un document de substitution. ¤ Cf. ms. Arabe 891.Copie exécutée par Šaraf al-Dīn ibn Aḥmad et achevée au mois de rabīʿ I 838 de l'hégire (f. 146 v). ¤ ʿAbd Allāh ibn Aḥmad al-Nasafī. ¤ عبد الله بن أحمد النسفي. ¤ Kanz al-daqāʾiq ¤ كنز الدقائق ¤ ʿAlī Āmāsawī. ¤ Maḥmūd ibn Ibrāhīm al-Āmasawī. ¤ Šaraf al-Dīn ibn Aḥmad. ¤ Maḥmūd ibn Ibrāhīm al-Āmasawī.;TRADITION (Ḥadīṯ). Notes ¤ FIQH. Furūʿ hanéfites ¤ FIQH. Furūʿ, fragments en notes ¤ CULTE. Prières et formules efficaces. Notes ¤ PARENESE. Notes ¤ LOGIQUE. Notes ¤ Waqf. Notes;Gallica;http://archivesetmanuscrits.bnf.fr/ark:/12148/cc90109d;domaine public ¤ public domain;1;;0.0;Bibliothèque nationale de France. Département des Manuscrits. Arabe 892
https://gallica.bnf.fr/iiif/ark:/12148/btv1b110006363;ʿABD AL-LAṬĪF IBN ʿABD AL-ʿAZĪZ IBN FIRI?TE. Commentaire sur la Maǧmaʿ al-Baḥrayn wa-multaqā al-nayyirayn de Aḥmad ibn ʿAlī al-Sāʿātī, acéphale cf. ms. Arabe 888, f. 9 v, ligne 10 du bas.;manuscrits;ʿAbd al-Laṭīf ibn ʿAbd al-ʿAzīz ibn Firi?te. Auteur du texte ¤ عبد اللطيف بن عبد العزيز بن فرشته. Auteur du texte;;;1491;Maǧmaʿ al-baḥrayn. Commentaire ¤ مجمع البحرين . شرح ¤ Numérisation effectuée à partir d'un document de substitution. ¤ L'ordre des folios interverti lors de la reliure est à rétablir de la manière suivante :f. 1-2 v, lacune (cf. ibid., f. 13, ligne 11 du bas — 26, ligne 8 du bas), 4-4 v, 3-3 v, lacune (cf. ibid., f. 29, ligne 12 du bas — 30 v, ligne 11), 5-168 v, lacune (cf. ibid., f. 237 v, ligne 3 — 245 v, ligne 14) 169-171 v, lacune (cf. ibid., f. 249 v, ligne 12 — 259 v, ligne 4 du bas) 172-274, 284, 283, 275-282, 285, 286-302.Cf. ms. Arabe 888.Copie anonyme achevée en 896 de l'hégire (f. 302). ¤ ʿAbd al-Laṭīf ibn ʿAbd al-ʿAzīz ibn Firi?te. ¤ عبد اللطيف بن عبد العزيز بن فرشته. ¤ Maǧmaʿ al-baḥrayn. Commentaire ¤ مجمع البحرين . شرح;TRADITION (Ḥadīṯ). Notes ¤ FIQH. Furūʿ hanéfites ¤ FIQH. Furūʿ, fragments en notes ¤ CULTE. Prières et formules efficaces. Notes ¤ ARITHMÉTIQUE (Ḥisāb). Notes;Gallica;http://archivesetmanuscrits.bnf.fr/ark:/12148/cc90101g;domaine public ¤ public domain;21;;0.0;Bibliothèque nationale de France. Département des Manuscrits. Arabe 887
https://gallica.bnf.fr/iiif/ark:/12148/btv1b11001415d;AḤMAD IBN IBRĀHĪM IBN ʿABD AL-RAḤĪM AL-ʿIRĀQĪ ABŪ ZURʿA. al-Bahǧa al-marḍiyya fī šarḥ al-Bahǧa al-warḍiyya (deuxième partie : Bāb al-laqṭa wa-l-laqīṭ — Bāb ʿitq umm al-walad).;manuscrits;Aḥmad ibn Ibrāhīm al-ʿIrāqī Abū Zurʿa. Auteur du texte ¤ أحمد بن إبراهيم العراقي. Auteur du texte;Muḥammad ibn ʿĀlī ibn Aḥmad. Copiste;;14550707;Bahǧa (al-) al-marḍiyya fī šarḥ al-bahǧa al-wardiyya ¤ Bahǧa (al-) al-wardiyya. Commentaire ¤ Ǧāmiʿ (al-) al-ṣaġīr. Extrait ¤ البهجة المرضية في شرح البهجة الوردية ¤ البهجة الوردية . شرح ¤ الجامع الصغير . تلخيص ¤ Numérisation effectuée à partir d'un document de substitution. ¤ Exp. (f. 245) :و يكون الولا بين عصبتيهما بالسويةBROCKELMANN (C), Geschichte der arabischen Literatur, I2, 495 [12, Versif. I, Cmt. a] , Suppl. I, 679.Copie exécutée par Muḥammad ibn ʿAlī ibn Aḥmad et achevée le 21 raǧab 859 de l'hégire (f. 245). ¤ Aḥmad ibn Ibrāhīm al-ʿIrāqī Abū Zurʿa. ¤ أحمد بن إبراهيم العراقي. ¤ Bahǧa (al-) al-marḍiyya fī šarḥ al-bahǧa al-wardiyya ¤ Bahǧa (al-) al-wardiyya. Commentaire ¤ Ǧāmiʿ (al-) al-ṣaġīr. Extrait ¤ البهجة المرضية في شرح البهجة الوردية ¤ البهجة الوردية . شرح ¤ الجامع الصغير . تلخيص ¤ Muḥammad ibn ʿĀlī ibn Aḥmad. ¤ Ġumrī (mosquée al-).;TRADITION (Ḥadīṯ). Notes ¤ FIQH. Furūʿ šāfiʿites ¤ FIQH. Furūʿ, fragments en notes ¤ Notes HISTORIQUES;Gallica;http://archivesetmanuscrits.bnf.fr/ark:/12148/cc90210m;domaine public ¤ public domain;245;;0.0;Bibliothèque nationale de France. Département des Manuscrits. Arabe 999
https://gallica.bnf.fr/iiif/ark:/12148/btv1b100375037;Arabe 2524;manuscrits;AḤMAD ibn Ḫalīl al-Fāḫūrī. Auteur du texte ¤ NĀṢIR AL-DĪN ibn Samʿūn. Auteur du texte ¤ AḤMAD ibn Ibrāhīm ibn Ḫalīl al-Ḥalabī. Auteur du texte;;;1412;Contient : رسالة فى اعمال الربع الافاقى « Sur l'usage du quart de cercle astronomique », par Aḥmad ibn Khalîl al-Fâkhoûrî , Observations apparemment astrologiques relatives aux premiers mois de l'année copte , كنز الطلّاب فى العمل بالاسطرلاب « Trésor pour ceux qui cherchent, traité sur l'usage de l'astrolabe », par le schaïkh Nâṣir al-Dîn ibn Samʿoûn , Sur l'astrolabe et son emploi , Sur l'astrolabe et son emploi , Explication du bissexte , Sur l'astrolabe , Sur l'usage de l'astrolabe , Sur les éphémérides (? تقاويم) , بغية الطلّاب فى العمل بربع بالاسطلاب (sic) « Le Traité souhaité des amateurs, ayant pour sujet l'usage de l'instrument appelé le quart d'astrolabe », par Aḥmad ibn Ibrâhîm ibn Khalîl al-Ḥalabî , Notes et dissertations astrologiques et cabalistiques ¤ Numérisation effectuée à partir d'un document de substitution. ¤ Ces trois pièces sont de la même main.;Astronomie;Gallica;http://archivesetmanuscrits.bnf.fr/ark:/12148/cc30440z;domaine public ¤ public domain;127;;0.0;Bibliothèque nationale de France. Département des manuscrits. Arabe 2524
https://gallica.bnf.fr/iiif/ark:/12148/btv1b11000827w;ʿABD AL-RAḤMĀN IBN ABĪ BAKR ǦALĀL AL-DĪN AL-SUYŪṬĪ. Taʾrīẖ al-ẖulafāʾ. ¤ عبد الرحمن بن أبي بكر جلال الدين السيوطي. تأريخ الخلفاء.;manuscrits;ʿAbd al-Raḥman ibn Abī Bakr al-Suyūṭī. Auteur du texte ¤ عبد الرحمان بن أبي بكر السيوطي. Auteur du texte;Muḥammad Naẓīrī ibn Muṣṭafā. Ancien possesseur ¤ ʿUbayd Allāh al-Ḥasanī. Ancien possesseur ¤ Yūsuf ibn Sallām ibn Sayf al-Dīn. Ancien possesseur;;1482;Taʾrīẖ al-ẖulafāʾ (al-Suyūṭī) ¤ تأريخ الخلفاء (السيوطي) ¤ Numérisation effectuée à partir d'un document de substitution. ¤ Acéphale. Commence au cours du règne de al-Mahdī. Cf. éd. p. 272 à la fin.Lacune entre les f. 78 et 79 (cf. éd. p. 401, 1. 11 - 403, 1. 3).Colophon (f. 149v) :و كان الفراغ من كتابة هذه النسخة المباركة بحمد الله و عونه و حسن توفيقه في اليوم المبارك الخامس من شهر الله المحرم من افتتاح عام سبع و ثمانين و ثمان مائة أحسن الله عاقبتها و ذلك برسم الصدر الأجل الجمالي جمال الدين يوسف بن المرحوم زين الدين سلام بن المرحوم سيف الدين بن أبي بكر بن المرحوم جمال الدين يوسف بن المرحوم شجاع الدين (...) بالظاهرية بالبحيرة غفر الله له و لوالديه و لكاتبه...Cf. ms Arabe 1609 , Fichier des Manuscrits du Moyen-Orient Datés. Paris, 1992 n° 124.Copie anonyme achevée le 5 muḥarram 887/24 février 1482 pour Ǧamāl al-Dīn Yūsuf ibn Zayn al-Dīn Sallām ibn Sayf al-Dīn ibn Abī Bakr ibn Ǧalāl al-Dīn Yūsuf, à aẓ-Ẓāhiriyya, dans la province de Buḥayra (f. 145v). ¤ ʿAbd al-Raḥman ibn Abī Bakr al-Suyūṭī. ¤ Taʾrīẖ al-ẖulafāʾ (al-Suyūṭī) ¤ عبد الرحمان بن أبي بكر السيوطي. ¤ تأريخ الخلفاء (السيوطي) ¤ Muḥammad Naẓīrī ibn Muṣṭafā. ¤ ʿUbayd Allāh al-Ḥasanī. ¤ Yūsuf ibn Sallām ibn Sayf al-Dīn. ¤ Buḥayra. ¤ Constantinople. ¤ Salonique. ¤ Ẓāhiriyya (aẓ-). ¤ ASCARI, Joseph. ¤ Louis-Philippe. ¤ Lieu de copie : Buḥayra ¤ Lieu de copie : Ẓāhiriyya (aẓ-);Chroniques et Histoire des dynasties;Gallica;http://archivesetmanuscrits.bnf.fr/ark:/12148/cc29563d;domaine public ¤ public domain;260;;0.0;Bibliothèque nationale de France. Département des Manuscrits. Arabe 1611
https://gallica.bnf.fr/iiif/ark:/12148/btv1b11000515f;MUḤAMMAD IBN AL-ḤASAN AL-ŠAYBĀNĪ. al-Ǧāmiʿ al-ṣaġīr. Recension de ʿUmar ibn ʿAbd al-ʿAzīz Ḥusām al-Dīn al-Buḫārī.;manuscrits;Muḥammad ibn al-Ḥasan al-Šaybānī. Auteur du texte ¤ ʿUmar ibn ʿAbd al-ʿAzīz al-Buḫārī. Auteur du texte ¤ عمر بن عبد العزيز البخاري. Auteur du texte ¤ محمد بن الحسن الشيباني. Auteur du texte;ʿAbd Allāh ibn Dāwūd. Ancien possesseur ¤ ʿIzz al-Dīn... Ġāzī. Copiste;;1340;Fatāwā ¤ Ǧāmiʿ al-ṣaġīr (al-) ¤ الجامع الصغير ¤ فتاوي ¤ Numérisation effectuée à partir d'un document de substitution. ¤ Inc. (f. 4 v) :مشايخنا رحمهم الله كانوا يعظّمون هذا الكتاب ... باب ما ينقض الوضوء قال ... حسام الدين عمر بن عبد العزيز ... أما بعد فإنExp. (f. 191) :فيصير من فروض الأعيان و ذلك أن يعمّ النفير لا المقصود ههنا لا يحصل ببعضهمBROCKELMANN (C), Geschichte der arabischen Literatur, I2, 179 [IV] , Suppl. I, 290 [V] , SEZGIN, Geschichte des arabischen Schrifttums, I, 428 , SARKIS, 1163 , éd. Le Caire 1356 de l'hégire.Copie exécutée par 'Izz al-Dīn Ġāzī et achevée en 740 de l'hégire (f. 191). ¤ Muḥammad ibn al-Ḥasan al-Šaybānī. ¤ ʿUmar ibn ʿAbd al-ʿAzīz al-Buḫārī. ¤ عمر بن عبد العزيز البخاري. ¤ محمد بن الحسن الشيباني. ¤ Fatāwā ¤ Ǧāmiʿ al-ṣaġīr (al-) ¤ الجامع الصغير ¤ فتاوي ¤ قال حسام الدين عمر بن عبد الله العزيز ... أما بعد فان مشايخنا رحمهم الله كانوا يعظمون. ¤ ʿAbd Allāh ibn Dāwūd. ¤ ʿIzz al-Dīn... Ġāzī.;FIQH. Furūʿ hanéfites ¤ FIQH. Furūʿ, fragments en notes ¤ CULTE. Notes ¤ PARENESE. Notes;Gallica;http://archivesetmanuscrits.bnf.fr/ark:/12148/cc90033d;domaine public ¤ public domain;1;;0.0;Bibliothèque nationale de France. Département des Manuscrits. Arabe 821
https://gallica.bnf.fr/iiif/ark:/12148/btv1b11005181r;AL-ḤUSAYN IBN MASʿŪD AL-FARRĀʾ AL-BAĠAWĪ. Maṣābīḥ al-sunna. Un faux-titre a été inscrit plus récemment.;manuscrits;Ḥusayn (al-) ibn Masʿūd al-Baġawī. Auteur du texte ¤ الحسين بن مسعود البغوي. Auteur du texte;Ḥusayn ibn Ilyās. Ancien possesseur ¤ Muṣṭafā. Ancien possesseur ¤ Yūsuf ibn.. Copiste;;139609;Maṣābīḥ al-sunna ¤ مصابيح السنة ¤ Numérisation effectuée à partir d'un document de substitution. ¤ Inc. (f. 2 v) :الحمد لله وسلام على عباده ... قال ... البغوي ... أما بعد فهذه ألفاظ صدرت عن صدر النبوةExp. (f. 333) :فرطكم على الحوض صحيح والحمد على إتمامه شكرا كثيرا على أنعامهL'ordre des folios, perturbé lors de la reliure est à rétablir de la manière suivante : 1-96, 217-237, 97-216, 238-251, 327-328, 252-264, 306-326, 265-305, 329-333 v.BROCKELMANN (C), Geschichte der arabischen Literatur, I2, 448 [1] , Suppl. I, 620 , SEZGIN, Geschichte des arabischen Schrifttums, I, 155 , SARKIS, 573.Copie exécutée par Yūsuf ibn... (le nom a été gratté) et achevée le 1 muḥarram 799 de l'hégire (f. 333 v). ¤ Ḥusayn (al-) ibn Masʿūd al-Baġawī. ¤ الحسين بن مسعود البغوي. ¤ Maṣābīḥ al-sunna ¤ مصابيح السنة ¤ الحمد لله وسلام على عباده ... قال ... البغوي ... أما بعد فهذه ألفاظ صدرت عن صدر. ¤ Ḥusayn ibn Ilyās. ¤ Muṣṭafā. ¤ Yūsuf ibn... ¤ Balāṭ. ¤ Ramaḍān (?ayḫ), mosquée.;TRADITION (Ḥadīṯ). Autres collections ¤ LEXICOGRAPHIE. Notes;Gallica;http://archivesetmanuscrits.bnf.fr/ark:/12148/cc89925c;domaine public ¤ public domain;1;;0.0;Bibliothèque nationale de France. Département des Manuscrits. Arabe 719
https://gallica.bnf.fr/iiif/ark:/12148/btv1b110038039;Arabe 4434;manuscrits;Abū BAKR MUḤAMMAD ibn Muḥammad ibn ʿAbd al-Ğalīl al-Maʿmarī (Rāid al-Dīn). Auteur du texte ¤ Vaṭvāṭ, Muḥammad ibn ʿAbd al-Ğalīl Rašīd al-Dīn (10..-1177). Auteur du texte;;;1473;انشا ¤ Contient : Pièces officielles provenant de la chancellerie des sultans de Kharizm sous les règnes d'Atsiz, de son fils Il Arslân et de Maḥmoûd, fils d'Il Arslân , Qaṣîda de Râschid al-Dîn Aboû Bakr Moḥammad ibn Moḥammad ibn ʿAbd al-Djalîl al-Maʿmarî à la louange du sultan Maḥmoûd Kharizm-Schâh, suivi de quelques autres poèmes du même , Lettres d'un sultan à un autre , Recueil de quarante-huit lettres écrites en beau style persan sur des sujets divers , Quatrains, lettres de compliments et pièces de vers , le tout en langue turque et d'une autre écriture que le reste du ms ¤ Numérisation effectuée à partir d'un document de substitution. ¤ Ms. daté de l'an 877 de l'hégire (1473 de J.-C.). (Voyez fol. 170 v°.) D'après M. Jawād, ce manuscrit contient les Rasā'il de Rašīd al-Dīn al-Waṭwāṭ. ¤ انشا;Inschâ;Gallica;http://archivesetmanuscrits.bnf.fr/ark:/12148/cc321788;domaine public ¤ public domain;226;;0.0;Bibliothèque nationale de France. Département des manuscrits. Arabe 4434
https://gallica.bnf.fr/iiif/ark:/12148/btv1b110007406;MASʿŪD IBN ʿUMAR SAʿD AL-DĪN AL-TAFTĀZĀNĪ. Commentaire sur les ʿAqāʾid de ʿUmar ibn Muḥammad Naǧm al-Dīn al-Nasafī.;manuscrits;Masʿūd ibn ʿUmar al-Taftāzānī. Auteur du texte ¤ ʿUmar ibn Muḥammad al-Nasafī. Auteur du texte ¤ عمر بن محمد النسفي. Auteur du texte ¤ مسعود بن عمر التفتازاني. Auteur du texte;Ibrāhīm ibn ʿAlī al-Ḥusaynī. Ancien possesseur ¤ Ismāʿīl. Ancien possesseur;;1459-1460;ʿAqāʾid. ?arḥ ¤ عقائد . شرح ¤ Numérisation effectuée à partir d'un document de substitution. ¤ Inc. (f. 2 v) :الشرائع و الاحكام و أساس قواعد عقائد الاسلام الحمد لله المتوحد بجلال ذاته و كمال صفاته ... و بعد فان مبنى علمExp. (f. 109) :و الكمال فلا دلالة على فضيلة الملائكة انما هو امر التجرد و اظهار الاثار القوية لا في مطلق الشرفBROCKELMANN (C), Geschichte der arabischen Literatur, I2, 548 [I, Cmt. I] , Suppl. I, 758 , éd. CLAUDE SALĀMA, Damas, 1974.Copie exécutée par Qiwām al-Dīn ibn ?iblī et achevée en 864 H (f. 109). ¤ Masʿūd ibn ʿUmar al-Taftāzānī. ¤ ʿUmar ibn Muḥammad al-Nasafī. ¤ عمر بن محمد النسفي. ¤ مسعود بن عمر التفتازاني. ¤ ʿAqāʾid. ?arḥ ¤ عقائد . شرح ¤ الحمد لله المتوحد بجلال ذاته و كمال صفاته ... وبعد فان مبنى علم الشرائع و الاحكام و أساس. ¤ Ibrāhīm ibn ʿAlī al-Ḥusaynī. ¤ Ismāʿīl. ¤ Qiwām al-Dīn ibn ?iblī..;TRADITION (Ḥadīṯ). Notes ¤ FIQH. Furūʿ, fragments en notes ¤ CULTE. Ouvrages sur la prière ¤ CULTE. Prières et formules efficaces. Notes ¤ KALAM. Uṣūl al-Dīn. Profession de foi (lʿtiqādāt) ¤ KALAM. Uṣūl al-Dīn. Notes ¤ KALAM. Uṣūl al-Dīn. Notes ¤ PHILOSOPHIE. Notes ¤ ŠIʿR. Notes;Gallica;http://archivesetmanuscrits.bnf.fr/ark:/12148/cc904333;domaine public ¤ public domain;1;;0.0;Bibliothèque nationale de France. Département des Manuscrits. Arabe 1234
https://gallica.bnf.fr/iiif/ark:/12148/btv1b110051932;Recueil.;manuscrits;Muḥammad ibn Abī Bakr al-Rāzī. Auteur du texte ¤ محمد بن أبي بكر الرازي. Auteur du texte ¤ Muḥammad ibn Muḥammad ibn ʿAbd al-Raḥmān Kamāl al-Dīn. Auteur du texte ¤ Muḥammad ibn Muḥammad ibn Imām al-Kāmiliyya. Auteur du texte ¤ محمد بن محمد بن امام الكاملية. Auteur du texte ¤ محمد بن محمد بن عبد الرحمان كمال الدين. Auteur du texte;Aḥmad ibn Maḥmūd al-Rumāndawī. Copiste ¤ ʿAbd al-Qādir al-Anṣārī. Ancien possesseur ¤ Muḥammad ibn ʿAlā al-Dīn al-Māridīnī. Ancien possesseur ¤ Muḥammad al-Qāḍi ibn ʿAlāʾ al-Dīn al-Māridīnī. Ancien possesseur;;1432-1433;Contient : MUḤAMMAD IBN ABĪ BAKR AL-RĀZĪ. Asʾilat al-Qurʾān al-maǧīd wa-aǧwibathā , MUḤAMMAD IBN MUḤAMMAD IBN IMĀM AL-KĀMILIYYA KAMĀL AL-DĪN. al-Anǧum al-zāhirāt ʿalā ḥall al-waraqāt , Fragment anonyme sur le partage des successions, intitulé Risāla min al-farāʾiḍ ¤ Numérisation effectuée à partir d'un document de substitution. ¤ Copie des f. 1 v-154 v exécutée par Aḥmad ibn Maḥmūd al-Rumāndawī ? et achevée en 836 de l'hégire (f. 154 v). ¤ Aḥmad ibn Maḥmūd al-Rumāndawī. ¤ ʿAbd al-Qādir al-Anṣārī. ¤ Muḥammad ibn ʿAlā al-Dīn al-Māridīnī. ¤ Muḥammad al-Qāḍi ibn ʿAlāʾ al-Dīn al-Māridīnī.;;Gallica;http://archivesetmanuscrits.bnf.fr/ark:/12148/cc89837w;domaine public ¤ public domain;209;;0.0;Bibliothèque nationale de France. Département des Manuscrits. Arabe 624
https://gallica.bnf.fr/iiif/ark:/12148/btv1b11005029g;MAḤMŪD IBN ʿUMAR AL-ZAMAḪŠARĪ ABŪ AL-QĄSIM. al-Ka??āf ʿan haqāʾiq al-tanzīl. 3e volume (Coran XIX, 1-XXXV, 45).;manuscrits;Maḥmūd ibn ʿUmar al-Zamaḫšarī. Auteur du texte ¤ محمود بن عمر الزمخشري. Auteur du texte;;;1401-1500;Kaššāf (al-) ʿan ḥaqāʾiq al-tanzīl ¤ الكشاف عن حقائق التنزيل ¤ Numérisation effectuée à partir d'un document de substitution. ¤ L'ordre des folios perturbé lors de la reliure est à rétablir de la manière suivante : 1-124 , 268-269 , 125-155 , lacune (cf. ms. Arabe 599, f. 106 v, ligne 21-107 v, ligne 1) , 156-267, 270-275 , pour les fol. 276-277 (Coran XXXVII, 153-169) cf. ibid., f. 201, ligne 13-202, ligne 2 du bas , lacune (cf. ibid., f. 181 v, ligne 20-183, ligne 1) , 278-280.Cf. ms. Arabe 599, f. 1 v-184.Copie anonyme et non datée. ¤ Maḥmūd ibn ʿUmar al-Zamaḫšarī. ¤ محمود بن عمر الزمخشري. ¤ Kaššāf (al-) ʿan ḥaqāʾiq al-tanzīl ¤ الكشاف عن حقائق التنزيل;Coran. Commentaire (Tafsīr) ¤ TRADITION (Ḥadīṯ). Notes ¤ HISTOIRE. Notes;Gallica;http://archivesetmanuscrits.bnf.fr/ark:/12148/cc898167;domaine public ¤ public domain;1;;0.0;Bibliothèque nationale de France. Département des Manuscrits. Arabe 602
https://gallica.bnf.fr/iiif/ark:/12148/btv1b11001432w;SADĪD AL-DĪN AL-KĀŠĠARĪ. Munyat al-Muṣallī wa-ġunyat al-Mubtadiʾ.;manuscrits;Sadīd al-Dīn al-Kāšġarī. Auteur du texte ¤ سديد الدين الكاشغري. Auteur du texte;Ḥusayn Efendī. Ancien possesseur ¤ Yūsuf ibn al-A?raf al-Aǧnabī. Ancien possesseur ¤ Malik (al-) al-Ẓāhir. Ancien possesseur;;1401-1500;Munyat al-muṣallī wa-ġunyat al-mubtadiʾ ¤ منية المصلي و غنية المبتدئ ¤ Numérisation effectuée à partir d'un document de substitution. ¤ Cf. ms. Arabe 8302, incomplet de la fin, cf. ibid., f. 191, l. 8.Copie anonyme et non datée dédiée à al-Malik aẓ-Ẓāhir [Baybars] et achevée le mardi 13 ?awwāl d'une année non spécifiée, soit 844/1441 ou 852/1448. ¤ Sadīd al-Dīn al-Kāšġarī. ¤ سديد الدين الكاشغري. ¤ Munyat al-muṣallī wa-ġunyat al-mubtadiʾ ¤ منية المصلي و غنية المبتدئ ¤ Ḥusayn Efendī. ¤ Malik (al-) al-Ẓāhir. ¤ Yūsuf ibn al-A?raf al-Aǧnabī. ¤ Caire. ¤ Malik (al-) al-Ẓāhir.;CULTE. Ouvrages sur la prière;Gallica;http://archivesetmanuscrits.bnf.fr/ark:/12148/cc903295;domaine public ¤ public domain;1;;0.0;Bibliothèque nationale de France. Département des Manuscrits. Arabe 1132
https://gallica.bnf.fr/iiif/ark:/12148/btv1b110005197;Arabe 828;manuscrits;Aḥmad ibn Muḥammad al-Qudūrī. Auteur du texte ¤ أحمد بن محمد القدوري. Auteur du texte;Kamāl ʿAbd al-Ḥayy. Ancien possesseur ¤ Muḥammad Muṣṭafā. Copiste;;1401-1600;Contient : AḤMAD IBN MUḤAMMAD AL-QUDŪRĪ. Muḫtaṣar , Kitāb šurūṭ al-ṣalāt ¤ Numérisation effectuée à partir d'un document de substitution. ¤ Volume formé de parties de deux manuscrits. Copie de la première partie anonyme, achevée en 892/1487 (f. 158 v) , copie de la deuxième partie exécutée par Muḥammad Muṣṭafā et achevée au mois de ḏū-l-ḥiǧǧa 980/1573 (f. 176).Écriture orientale de différentes mains (Turquie). ¤ الحمد لله رب العالمين ... هذا كتاب آداب المقدمة في أركان الصلاة و الوضوء. ¤ Kamāl ʿAbd al-Ḥayy. ¤ Muḥammad Muṣṭafā.;TRADITION (Ḥadīṯ). Notes ¤ FIQH. Furūʿ, fragments en notes ¤ CULTE. Prières et formules efficaces. Notes ¤ PARENESE. Notes ¤ LEXICOGRAPHIE. Notes ¤ ARITHMÉTIQUE (Ḥisāb). Notes;Gallica;http://archivesetmanuscrits.bnf.fr/ark:/12148/cc900414;domaine public ¤ public domain;176;;0.0;Bibliothèque nationale de France. Département des Manuscrits. Arabe 828
https://gallica.bnf.fr/iiif/ark:/12148/btv1b110007569;MUḤAMMAD IBN ʿUMAR FAḪR AL-DĪN AL-RĀZĪ. [al-Masāʾil al-ḫamsūn fī uṣūl al-kalām].;manuscrits;Muḥammad ibn ʿUmar Faḫr al-Dīn al-Rāzī. Auteur du texte ¤ محمد بن عمر فخر الدين الرازي. Auteur du texte;ʿAbd Allāh ibn Muḥammad ibn Ḥammād. Copiste ¤ ʿAbd Allāh ibn Muḥammad ibn Ḥammād. Ancien possesseur ¤ Dāwud (Ibn-). Ancien possesseur;;1401-1500;[Masāʾil (al-) al-ḫamsūn fī uṣūl al-kalām] ¤ [المسائل الخمسون في أصول الكلام] ¤ Numérisation effectuée à partir d'un document de substitution. ¤ Inc. :بأزلي المسئلة الاولى في حدوث العالم مذهب جملة المسلمين ان العالم محدث و ليسExp. :العباسي و خلافته و يجب الامتثال لأوامره و الانتهاء عن نواهيه مجموعة رسائل وجب الاعتراف بصحة امامة امير المومنين الناصر لدين الله احمد بن الحسنBROCKELMANN (C), Geschichte der arabischen Literatur, I2, 668 [20] , Suppl. I, 923 , éd. Le Caire dans Maǧmūʿa Rasāʾil, 1328/1910.Copie exécutée par ʿAbd Allāh ibn Muḥammad ibn ʿAbd Allāh ibn Ḥammād non datée. ¤ Muḥammad ibn ʿUmar Faḫr al-Dīn al-Rāzī. ¤ محمد بن عمر فخر الدين الرازي. ¤ [Masāʾil (al-) al-ḫamsūn fī uṣūl al-kalām] ¤ [المسائل الخمسون في أصول الكلام] ¤ المسألة الأولى في حدوث العالم مذهب جملة المسلمين ان العالم محدث و ليس بأزلي. ¤ ʿAbd Allāh ibn Muḥammad ibn Ḥammād. ¤ ʿAbd Allāh ibn Muḥammad ibn Ḥammād. ¤ Dāwud (Ibn-). ¤ Qiyās al-Dīn ibn Saʿd al-Dīn.;KALAM. Uṣūl al-Dīn. Ouvrages généraux. Méthodologie ¤ KALAM. Uṣūl al-Dīn. Notes ¤ ŠIʿR. Notes;Gallica;http://archivesetmanuscrits.bnf.fr/ark:/12148/cc90453h;domaine public ¤ public domain;48;;0.0;Bibliothèque nationale de France. Département des Manuscrits. Arabe 1253
https://gallica.bnf.fr/iiif/ark:/12148/btv1b110012324;Recueil.;manuscrits;ʿAbd al-Raḥmān ibn Ibrāhīm ibn al-Firkāḥ. Auteur du texte ¤ عبد الرحمان بن ابراهيم بن فركاح. Auteur du texte ¤ ʿAbd Allāh ibn ʿAbd al-Ǧabbār ibn Barrī al-Maqdisī al-Miṣrī. Auteur du texte ¤ عبد الله بن عبد الجبار بن برّي المقدسي. Auteur du texte ¤ Muḥammad ibn Muḥammad al-Saǧāwandī. Auteur du texte ¤ محمد بن محمد السجاوندي. Auteur du texte ¤ Yaḥyā ibn Abī Bakr al-Ḥanafī. Auteur du texte ¤ يحيى بن أبي بكر الحنفي. Auteur du texte ¤ Muḥammad ibn Masʿūd al-Qayṣarī. Auteur du texte ¤ محمد بن مسعود القيصري. Auteur du texte;Abū Bakr ibn ʿUmar. Ancien possesseur ¤ Aḥmad ibn Mūsā al-Ṭarābulusī al-Šāfiʿī. Ancien possesseur ¤ Ǧamāl al-Dīn ibn Yūsuf al-Bābilī al-Šāfiʿī al-Qādirī. Ancien possesseur ¤ Muḥammad ibn Muḥammad al-Kawākibī. Ancien possesseur ¤ ʿAlī ibn Muḥammad ibn Ḫālid al-Balāṭīsī. Copiste;;1301-1500;Contient : Qawāṭiʿ fī qawāʿid al-ʿaqāʾid. L'ouvrage est faussement intitulé al-Iršād fī uṣūl al-Dīn et attribué à Naṣīr al-Ṭūsī , ʿABD AL-RAḤMĀN IBN IBRĀHĪM IBN AL-FIRKĀḤ. al-Darakāt fī šarḥ al-waraqāt , ʿABD ALLĀH IBN ʿABD AL-ǦABBĀR IBN BARRĪ AL-MAQDISĪ AL-MIṢRĪ. al-Masāʾil al-ʿašr al-mutʿiba lil-ḥašr. Questions sur les difficultés grammaticales , MUḤAMMAD IBN MUḤAMMAD IBN ʿABD AL-RAŠĪD SIRĀǦ AL-DĪN AL-SAǦĀWANDĪ. al-Sirāǧiyya fī l-farāʾiḍ intitulé également Farāʾiḍ al-Saǧāwandī , YAḤYĀ IBN ABĪ BAKR AL-ḤANAFĪ : Masāʾil mutašābiha min masāʾil al-farāʾiḍ. Urǧūza fī l-farāʾiḍ , Divers extraits sur les Farāʾiḍ , MUḤAMMAD IBN MASʿŪD MUḤSIN AL-QAYṢARĪ. Rédaction métrique de la Sirāǧiyya fī l-farāʾiḍ ¤ Numérisation effectuée à partir d'un document de substitution. ¤ Volume formé de plusieurs manuscrits. — Copie des fol. 1 v-112 v exécutée par ʿAlī ibn Muḥammad ibn Ḫālid al-Balāṭīsī et achevée le 6 ǧumādā I 847/ 1er septembre 1443 (f. 112 v), copie des fol. 113-180 v exécutée par Ḫalīl ibn Muḥammad ibn Ḥasan al-Ṣāʾiġ et achevée le 16 ramaḍān 877/14 janvier 1473 (f. 180 v), copie des fol. 218 v-245 anonyme, achevée à la madrasa de l'émir Mawlānā Muẓaffar Manèak, devant la qubba al-Ḫalḫāl à Damas (f. 245) , copies des fol. 181-217, 250 v-269, 270-270 v anonymes et non datées, copie des fol. 271 v-280 v anonyme, achevée le 1er muḥarram 778/21 mai 1376 (f. 280 v). ¤ Abū Bakr ibn ʿUmar. ¤ Abū l-Wafāʾ al-Kawākibī. ¤ Aḥmad ibn Mūsā al-Ṭarābulusī al-Šāfiʿī. ¤ Ǧamāl al-Dīn ibn Yūsuf al-Bābilī al-Šāfiʿī al-Qādirī. ¤ Muḥammad ibn Muḥammad al-Kawākibī. ¤ Muḥammad ibn Muḥammad al-Ṣabūnī al-Šāfiʿī. ¤ Sulaymān ibn Ramaḍān. ¤ Constantinople. ¤ Damas. ¤ Muẓaffar Mančak. Mawlā, madrasa.;PARENESE. Notes ¤ ARITHMÉTIQUE (Ḥisāb). Notes;Gallica;http://archivesetmanuscrits.bnf.fr/ark:/12148/cc90466f;domaine public ¤ public domain;3;;0.0;Bibliothèque nationale de France. Département des Manuscrits. Arabe 1266
https://gallica.bnf.fr/iiif/ark:/12148/btv1b11005108k;AL-ḤUSAYN AL-FATḤĪ AL-ŠĪRĀZĪ. Nuzhat al-nāẓir li-l-sulṭān al-mālik al-Malik al-Ẓāhir.;manuscrits;Ḥusayn (al-) al-Fatḥī al-Šīrāzī. Auteur du texte ¤ الحسين الفتحي الشيرازي. Auteur du texte;;;1401-1500;Nuzhat al-nāẓir li-l-sulṭān al-mālik al-Malik aẓ-Ẓāhir ¤ نزهة الناظر للسلطان المالك الملك الطاهر ¤ Numérisation effectuée à partir d'un document de substitution. ¤ Inc. (f. 2 v) :الحمد لله الذي جعل عتبة السلاطين ملجأ العالمين ...(f. 3 v) أما بعد فإنّ من أجلّ النعم التي أنعم الله على العبد الفقيرExp. (f. 50 v) :كتبه جامعه الفقير الى الله الغني حسين الفتحي الشيرازي وكّلما غفل من ذكره الغافلون والحمد لله رب العالمين ...Manuscrit probablement autographe. ¤ Ḥusayn (al-) al-Fatḥī al-Šīrāzī. ¤ الحسين الفتحي الشيرازي. ¤ Nuzhat al-nāẓir li-l-sulṭān al-mālik al-Malik aẓ-Ẓāhir ¤ نزهة الناظر للسلطان المالك الملك الطاهر ¤ الحمد لله الذي جعل عتبة السلاطين ملجأ للعالمين ... أما بعد فان من أجل النعم.;TRADITION (Ḥadīṯ). Muṣṭalaḥ al-ḥadīṯ;Gallica;http://archivesetmanuscrits.bnf.fr/ark:/12148/cc89973x;domaine public ¤ public domain;1;;0.0;Bibliothèque nationale de France. Département des Manuscrits. Arabe 763
https://gallica.bnf.fr/iiif/ark:/12148/btv1b11003895x;Liste de verbes avec leur signification, tantôt en persan, tantôt en turc.;manuscrits;;;;1301-1400;Numérisation effectuée à partir d'un document de substitution. ¤ Au verso du dernier feuillet se trouve une note sur les passages du Coran dans lesquels certaines prépositions (حروف المعارف) sont remplacées par d'autres.;Dictionnaires;Gallica;http://archivesetmanuscrits.bnf.fr/ark:/12148/cc320438;domaine public ¤ public domain;258;;0.0;Bibliothèque nationale de France. Département des manuscrits. Arabe 4295
https://gallica.bnf.fr/iiif/ark:/12148/btv1b11004319v;MAḤMŪD IBN ʿUMAR AL-ZAMAḪ?ARĪ ABŪ AL-QĀSIM. al-Ka??āfʿ an ḥaqāʾiq al-tanzīl, 2e volume (Coran VII, 1-XVIII, 110).;manuscrits;Maḥmūd ibn ʿUmar al-Zamaḫ?arī. Auteur du texte ¤ محمود بن عمر الزمخشري. Auteur du texte;;;1401-1500;Ka??āf (al-) ʿan ḥaqāʾiq al-tanzīl ¤ الكشاف عن حقائق التنزيل ¤ Numérisation effectuée à partir d'un document de substitution. ¤ Premiers mots du texte, cf. éd. W. NASSAU LEES, p. 436, ligne 23رسول الله رحيم لمن قام بشكره ووصف العقاب بالسرعة لأن ما هو آت قريب عنExp. :المعمور حشو ذلك النور ملائكة يصلون عليه حتى يستيقظ وان كان مضجعه بمكة كان له نورا يتلألؤ من مضجعه إلى البيتBROCKELMANN (C), Geschichte der arabischen Literatur, I2, 345 (I, 1) , Suppl. I, 508 , éd. WILLIAM NASSAU LEES, Calcutta, 1856 , Le Caire, 1343-44/1924-1925.Copie anonyme et non datée. ¤ Maḥmūd ibn ʿUmar al-Zamaḫ?arī. ¤ محمود بن عمر الزمخشري. ¤ Ka??āf (al-) ʿan ḥaqāʾiq al-tanzīl ¤ الكشاف عن حقائق التنزيل;Coran. Commentaire (Tafsīr) ¤ TRADITION (Ḥadīṯ). Notes ¤ LEXICOGRAPHIE. Notes;Gallica;http://archivesetmanuscrits.bnf.fr/ark:/12148/cc898128;domaine public ¤ public domain;230;;0.0;Bibliothèque nationale de France. Département des Manuscrits. Arabe 598
https://gallica.bnf.fr/iiif/ark:/12148/btv1b100735122;YŪSUF IBN QŪZŪĠLĪ SIBṬ IBN AL-ǦAWZĪ, m. 654 h/1256. Mirʾāt al-zamān [fī taʾrīẖ al-aʿyān]. ¤ يوسف بن قوزوغلي سبط بن الجوزي. مرآة الزمان [في تأريخ الأعيان].;manuscrits;Yūsuf ibn Qūzūġlī Sibṭ ibn al-Ǧawzī. Auteur du texte ¤ يوسف بن قزوغلي سبط الن الجوزي. Auteur du texte;;;1401-1500;Mirʾāt al-zamān fī taʾrīẖ al-aʿyān ¤ مرآة الزمان في تاريخ الاعيان ¤ Numérisation effectuée à partir d'un document de substitution : R 17413. ¤ 12ème partie d'une série.Titre au frontispice. Traces de titre sur la tranche.Années 440 h/1048 à 517 h/1123-1124.Incomplet de la fin.Lacunes entre les fol. 169 et 170 (cf. éd. d'Ankara p. 190, 1. 3 - 208) , entre les fol. 178 et 179 (cf. ibid., p. 219 à 221, 1. 11).Texte différent de la première version éditée à Hyderabad et plus proche de celle de Mūsā ibn Muḥammad al-Yunīnī, m. 726 h/1326. (éd. d'Ankara).Copie anonyme et non datée. ¤ Mūsā ibn Muḥammad al-Yunīnī. ¤ Yūsuf ibn Qūzūġlī Sibṭ ibn al-Ǧawzī. ¤ Mirʾāt al-zamān fī taʾrīẖ al-aʿyān ¤ موسى بن محمد الينيني. ¤ يوسف بن قزوغلي سبط الن الجوزي. ¤ مرآة الزمان في تاريخ الاعيان ¤ ʿUmar Efendī. ¤ Constantinople. ¤ ASCARI, Joseph. ¤ SEVIN, François.;Chroniques et Histoire des dynasties;Gallica;http://archivesetmanuscrits.bnf.fr/ark:/12148/cc294765;domaine public ¤ public domain;33;;0.0;Bibliothèque nationale de France. Département des Manuscrits. Arabe 1506
https://gallica.bnf.fr/iiif/ark:/12148/btv1b525034395;Manuel de grammaire.;manuscrits;;;;1486-1500;Numérisation effectuée à partir d'un document original. ¤ Manuel sans titre ni nom d'auteur, traitant en arabe de la grammaire et du lexique du turc, et divisé en deux sections, dont la première parle de la morphologie, la seconde, du vocabulaire, en vingt-quatre chapitres, dont chacun est consacré à un objet particulier, et dont la liste se trouve donnée dans l'introduction (folio 2 recto). L'orthographe des mots turcs est ancienne, et on y trouve des comparaisons linguistiques curieuses entre l'osmanli et le čaghataď , la division est très confuse, et le premier chapitre est donné comme étant le deuxième, au même titre que le second.;;Gallica;http://archivesetmanuscrits.bnf.fr/ark:/12148/cc927216;domaine public ¤ public domain;60;;0.0;Bibliothèque nationale de France. Département des Manuscrits. Turc 208
https://gallica.bnf.fr/iiif/ark:/12148/btv1b110011766;YŪSUF IBN QŪZŪĠLĪ SIBṬ IBN AL-ǦAWZĪ, m. 654 h/1256. Mirʾāt al-zamān [fī taʾrīẖ al-aʿyān]. ¤ يوسف بن قوزوغلي سبط بن الجوزي. مرآة الزمان [في تأريخ الأعيان].;manuscrits;Yūsuf ibn Qūzūġlī Sibṭ ibn al-Ǧawzī. Auteur du texte ¤ يوسف بن قزوغلي سبط الن الجوزي. Auteur du texte;;;1401-1500;Mirʾāt al-zamān fī taʾrīẖ al-aʿyān ¤ مرآة الزمان في تاريخ الاعيان ¤ Numérisation effectuée à partir d'un document de substitution. ¤ 12ème partie d'une série.Titre au frontispice. Traces de titre sur la tranche.Années 440 h/1048 à 517 h/1123-1124.Incomplet de la fin.Lacunes entre les fol. 169 et 170 (cf. éd. d'Ankara p. 190, 1. 3 - 208) , entre les fol. 178 et 179 (cf. ibid., p. 219 à 221, 1. 11).Texte différent de la première version éditée à Hyderabad et plus proche de celle de Mūsā ibn Muḥammad al-Yunīnī, m. 726 h/1326. (éd. d'Ankara).Copie anonyme et non datée. ¤ Mūsā ibn Muḥammad al-Yunīnī. ¤ Yūsuf ibn Qūzūġlī Sibṭ ibn al-Ǧawzī. ¤ Mirʾāt al-zamān fī taʾrīẖ al-aʿyān ¤ موسى بن محمد الينيني. ¤ يوسف بن قزوغلي سبط الن الجوزي. ¤ مرآة الزمان في تاريخ الاعيان ¤ ʿUmar Efendī. ¤ Constantinople. ¤ ASCARI, Joseph. ¤ SEVIN, François.;Chroniques et Histoire des dynasties;Gallica;http://archivesetmanuscrits.bnf.fr/ark:/12148/cc294765;domaine public ¤ public domain;33;;0.0;Bibliothèque nationale de France. Département des Manuscrits. Arabe 1506
https://gallica.bnf.fr/iiif/ark:/12148/btv1b110024774;Arabe 2687;manuscrits;ʿABD AL-RAḤMĀN ibn Muḥammad ibn ʿAlī al-Bisṭāmi. Auteur du texte;;;1428-1429;Contient : كنز الاسرار الابجدية و لطايف انوار الاحمدية « Trésor des mystères des lettres de l'alphabet et lumières pénétrantes de Mahomet », traité de cabale, par ʿAbd al-Raḥmân ibn Moḥammad Al-Basṭâmî , وصف الدواء فى كشف افات الوباء , Album de diverses écritures, renfermant des pièces de vers en persan et en turc ¤ Numérisation effectuée à partir d'un document de substitution.;Magie;Gallica;http://archivesetmanuscrits.bnf.fr/ark:/12148/cc30600g;domaine public ¤ public domain;80;;0.0;Bibliothèque nationale de France. Département des Manuscrits. Arabe 2687
https://gallica.bnf.fr/iiif/ark:/12148/btv1b11003732q;كتاب الافعال « Le livre des verbes » , même ouvrage que le n° 4294, mais les mots sont expliqués en turc.;manuscrits;;;;1301-1400;كتاب الافعال ¤ Numérisation effectuée à partir d'un document de substitution. ¤ La fin manque. ¤ كتاب الافعال;Dictionnaires;Gallica;http://archivesetmanuscrits.bnf.fr/ark:/12148/cc320510;domaine public ¤ public domain;224;;0.0;Bibliothèque nationale de France. Département des manuscrits. Arabe 4304
https://gallica.bnf.fr/iiif/ark:/12148/btv1b108845442;Manuel de grammaire.;manuscrits;;;;1486-1500;Numérisation effectuée à partir d'un document de substitution : R 16453. ¤ Manuel sans titre ni nom d'auteur, traitant en arabe de la grammaire et du lexique du turc, et divisé en deux sections, dont la première parle de la morphologie, la seconde, du vocabulaire, en vingt-quatre chapitres, dont chacun est consacré à un objet particulier, et dont la liste se trouve donnée dans l'introduction (folio 2 recto). L'orthographe des mots turcs est ancienne, et on y trouve des comparaisons linguistiques curieuses entre l'osmanli et le čaghataď , la division est très confuse, et le premier chapitre est donné comme étant le deuxième, au même titre que le second.;;Gallica;http://archivesetmanuscrits.bnf.fr/ark:/12148/cc927216;domaine public ¤ public domain;60;;0.0;Bibliothèque nationale de France. Département des Manuscrits. Turc 208
https://gallica.bnf.fr/iiif/ark:/12148/btv1b10884381m;Arabe 2687;manuscrits;ʿABD AL-RAḤMĀN ibn Muḥammad ibn ʿAlī al-Bisṭāmi. Auteur du texte;;;1428-1429;Contient : كنز الاسرار الابجدية و لطايف انوار الاحمدية « Trésor des mystères des lettres de l'alphabet et lumières pénétrantes de Mahomet », traité de cabale, par ʿAbd al-Raḥmân ibn Moḥammad Al-Basṭâmî , وصف الدواء فى كشف افات الوباء , Album de diverses écritures, renfermant des pièces de vers en persan et en turc ¤ Numérisation effectuée à partir d'un document de substitution : R 39661.;Magie;Gallica;http://archivesetmanuscrits.bnf.fr/ark:/12148/cc30600g;domaine public ¤ public domain;80;;0.0;Bibliothèque nationale de France. Département des Manuscrits. Arabe 2687
https://gallica.bnf.fr/iiif/ark:/12148/btv1b108845961;YŪSUF IBN QŪZŪĠLĪ SIBṬ IBN AL-ǦAWZĪ, m. 654 h/1256. Mirʾāt al-zamān [fī taʾrīẖ al-aʿyān]. ¤ يوسف بن قوزوغلي سبط بن الجوزي. مرآة الزمان [في تأريخ الأعيان].;manuscrits;Yūsuf ibn Qūzūġlī Sibṭ ibn al-Ǧawzī. Auteur du texte ¤ يوسف بن قزوغلي سبط الن الجوزي. Auteur du texte;;;1401-1500;Mirʾāt al-zamān fī taʾrīẖ al-aʿyān ¤ مرآة الزمان في تاريخ الاعيان ¤ Numérisation effectuée à partir d'un document de substitution : R 35662. ¤ 12ème partie d'une série.Titre au frontispice. Traces de titre sur la tranche.Années 440 h/1048 à 517 h/1123-1124.Incomplet de la fin.Lacunes entre les fol. 169 et 170 (cf. éd. d'Ankara p. 190, 1. 3 - 208) , entre les fol. 178 et 179 (cf. ibid., p. 219 à 221, 1. 11).Texte différent de la première version éditée à Hyderabad et plus proche de celle de Mūsā ibn Muḥammad al-Yunīnī, m. 726 h/1326. (éd. d'Ankara).Copie anonyme et non datée. ¤ Mūsā ibn Muḥammad al-Yunīnī. ¤ Yūsuf ibn Qūzūġlī Sibṭ ibn al-Ǧawzī. ¤ Mirʾāt al-zamān fī taʾrīẖ al-aʿyān ¤ موسى بن محمد الينيني. ¤ يوسف بن قزوغلي سبط الن الجوزي. ¤ مرآة الزمان في تاريخ الاعيان ¤ ʿUmar Efendī. ¤ Constantinople. ¤ ASCARI, Joseph. ¤ SEVIN, François.;Chroniques et Histoire des dynasties;Gallica;http://archivesetmanuscrits.bnf.fr/ark:/12148/cc294765;domaine public ¤ public domain;33;;0.0;Bibliothèque nationale de France. Département des Manuscrits. Arabe 1506
